station,kind,date,raw_prec,reason
aguasdejoi,hourly,2017-11-30 13:00:00,488.5,ceiling
aguasdejoi,hourly,2022-01-10 09:00:00,254.0,inch_code
aguasdejoi,hourly,2022-01-28 14:00:00,254.0,inch_code
aguasdejoi,hourly,2022-02-04 01:00:00,254.0,inch_code
aguasdejoi,hourly,2022-02-04 04:00:00,254.0,inch_code
aguasdejoi,hourly,2022-02-04 23:00:00,254.0,inch_code
aguasdejoi,hourly,2022-02-05 18:00:00,254.0,inch_code
aguasdejoi,hourly,2022-02-06 04:00:00,254.0,inch_code
aguasdejoi,hourly,2022-02-09 17:00:00,254.0,inch_code
aguasdejoi,hourly,2022-02-11 01:00:00,254.0,inch_code
aguasdejoi,hourly,2022-02-17 22:00:00,254.0,inch_code
aguasdejoi,hourly,2022-02-24 00:00:00,254.0,inch_code
aguasdejoi,hourly,2022-02-25 06:00:00,254.0,inch_code
aguasdejoi,hourly,2022-03-01 02:00:00,254.0,inch_code
aguasdejoi,hourly,2022-03-01 04:00:00,254.0,inch_code
aguasdejoi,hourly,2022-03-01 14:00:00,254.0,inch_code
aguasdejoi,hourly,2022-03-02 07:00:00,254.0,inch_code
aguasdejoi,hourly,2022-03-02 09:00:00,254.0,inch_code
aguasdejoi,hourly,2022-03-02 10:00:00,254.0,inch_code
aguasdejoi,hourly,2022-03-02 17:00:00,254.0,inch_code
aguasdejoi,hourly,2022-03-02 22:00:00,254.0,inch_code
aguasdejoi,hourly,2022-03-03 06:00:00,254.0,inch_code
aguasdejoi,hourly,2022-03-03 17:00:00,254.0,inch_code
aguasdejoi,hourly,2022-03-07 03:00:00,254.0,inch_code
aguasdejoi,hourly,2022-03-07 04:00:00,254.0,inch_code
aguasdejoi,hourly,2022-03-08 05:00:00,254.0,inch_code
aguasdejoi,hourly,2022-03-08 22:00:00,254.0,inch_code
aguasdejoi,hourly,2022-03-09 06:00:00,254.0,inch_code
aguasdejoi,hourly,2022-03-10 23:00:00,254.0,inch_code
aguasdejoi,hourly,2022-03-11 03:00:00,254.0,inch_code
aguasdejoi,hourly,2022-03-11 20:00:00,254.0,inch_code
aguasdejoi,hourly,2022-03-11 21:00:00,254.0,inch_code
aguasdejoi,hourly,2022-03-12 03:00:00,254.0,inch_code
aguasdejoi,hourly,2022-03-12 05:00:00,254.0,inch_code
aguasdejoi,hourly,2022-03-12 11:00:00,254.0,inch_code
aguasdejoi,hourly,2022-03-12 18:00:00,254.0,inch_code
aguasdejoi,hourly,2022-03-12 23:00:00,254.0,inch_code
aguasdejoi,hourly,2022-03-13 03:00:00,254.0,inch_code
aguasdejoi,hourly,2022-03-13 14:00:00,254.0,inch_code
aguasdejoi,hourly,2022-03-13 19:00:00,254.0,inch_code
aguasdejoi,hourly,2022-03-13 20:00:00,254.0,inch_code
aguasdejoi,hourly,2022-03-13 21:00:00,254.0,inch_code
aguasdejoi,hourly,2022-03-13 23:00:00,254.0,inch_code
aguasdejoi,hourly,2022-03-14 00:00:00,254.0,inch_code
aguasdejoi,hourly,2022-03-14 02:00:00,254.0,inch_code
aguasdejoi,hourly,2022-03-14 07:00:00,254.0,inch_code
aguasdejoi,hourly,2022-03-14 10:00:00,254.0,inch_code
aguasdejoi,hourly,2022-03-15 13:00:00,254.0,inch_code
aguasdejoi,hourly,2022-03-15 14:00:00,254.0,inch_code
aguasdejoi,hourly,2022-03-15 21:00:00,254.0,inch_code
aguasdejoi,hourly,2022-03-18 18:00:00,254.0,inch_code
aguasdejoi,hourly,2022-03-19 08:00:00,254.0,inch_code
aguasdejoi,hourly,2022-03-21 05:00:00,254.0,inch_code
aguasdejoi,hourly,2022-03-21 06:00:00,254.0,inch_code
aguasdejoi,hourly,2022-03-21 07:00:00,254.0,inch_code
aguasdejoi,hourly,2022-03-21 09:00:00,254.0,inch_code
aguasdejoi,hourly,2022-03-21 16:00:00,254.0,inch_code
aguasdejoi,hourly,2022-03-22 05:00:00,254.0,inch_code
aguasdejoi,hourly,2022-03-23 03:00:00,254.0,inch_code
aguasdejoi,hourly,2022-03-24 19:00:00,254.0,inch_code
aguasdejoi,hourly,2022-03-25 14:00:00,254.0,inch_code
aguasdejoi,hourly,2022-03-25 15:00:00,254.0,inch_code
aguasdejoi,hourly,2022-03-25 16:00:00,254.0,inch_code
aguasdejoi,hourly,2022-03-31 02:00:00,254.0,inch_code
aguasdejoi,hourly,2022-03-31 07:00:00,254.0,inch_code
aguasdejoi,hourly,2022-03-31 14:00:00,254.0,inch_code
aguasdejoi,hourly,2022-03-31 16:00:00,254.0,inch_code
aguasdejoi,hourly,2022-03-31 22:00:00,254.0,inch_code
aguasdejoi,hourly,2022-04-01 07:00:00,254.0,inch_code
aguasdejoi,hourly,2022-04-01 10:00:00,254.0,inch_code
aguasdejoi,hourly,2022-04-01 13:00:00,254.0,inch_code
aguasdejoi,hourly,2022-04-01 15:00:00,254.0,inch_code
aguasdejoi,hourly,2022-04-01 17:00:00,254.0,inch_code
aguasdejoi,hourly,2022-04-01 18:00:00,254.0,inch_code
aguasdejoi,hourly,2022-04-01 22:00:00,254.0,inch_code
aguasdejoi,hourly,2022-04-02 00:00:00,254.0,inch_code
aguasdejoi,hourly,2022-04-02 04:00:00,254.0,inch_code
aguasdejoi,hourly,2022-04-02 12:00:00,254.0,inch_code
aguasdejoi,hourly,2022-04-02 14:00:00,254.0,inch_code
aguasdejoi,hourly,2022-04-02 20:00:00,254.0,inch_code
aguasdejoi,hourly,2022-04-02 21:00:00,254.0,inch_code
aguasdejoi,hourly,2022-04-03 04:00:00,254.0,inch_code
aguasdejoi,hourly,2022-04-03 09:00:00,254.0,inch_code
aguasdejoi,hourly,2022-04-03 10:00:00,254.0,inch_code
aguasdejoi,hourly,2022-04-03 15:00:00,254.0,inch_code
aguasdejoi,hourly,2022-04-03 16:00:00,254.0,inch_code
aguasdejoi,hourly,2022-04-03 19:00:00,254.0,inch_code
aguasdejoi,hourly,2022-04-03 20:00:00,254.0,inch_code
aguasdejoi,hourly,2022-04-04 20:00:00,254.0,inch_code
aguasdejoi,hourly,2022-04-05 22:00:00,254.0,inch_code
aguasdejoi,hourly,2022-04-06 01:00:00,254.0,inch_code
aguasdejoi,hourly,2022-04-06 04:00:00,254.0,inch_code
aguasdejoi,hourly,2022-04-06 08:00:00,254.0,inch_code
aguasdejoi,hourly,2022-04-06 23:00:00,254.0,inch_code
aguasdejoi,hourly,2022-04-07 03:00:00,254.0,inch_code
aguasdejoi,hourly,2022-04-08 00:00:00,254.0,inch_code
aguasdejoi,hourly,2022-04-08 17:00:00,254.0,inch_code
aguasdejoi,hourly,2022-04-10 21:00:00,254.0,inch_code
aguasdejoi,hourly,2022-04-12 16:00:00,254.0,inch_code
aguasdejoi,hourly,2022-04-14 06:00:00,254.0,inch_code
aguasdejoi,hourly,2022-04-14 07:00:00,254.0,inch_code
aguasdejoi,hourly,2022-04-18 03:00:00,254.0,inch_code
aguasdejoi,hourly,2022-04-18 15:00:00,254.0,inch_code
aguasdejoi,hourly,2022-04-22 00:00:00,254.0,inch_code
aguasdejoi,hourly,2022-04-23 02:00:00,254.0,inch_code
aguasdejoi,hourly,2022-04-23 03:00:00,254.0,inch_code
aguasdejoi,hourly,2022-04-25 04:00:00,254.0,inch_code
aguasdejoi,hourly,2022-05-01 07:00:00,254.0,inch_code
aguasdejoi,hourly,2022-05-01 17:00:00,254.0,inch_code
aguasdejoi,hourly,2022-05-01 18:00:00,254.0,inch_code
aguasdejoi,hourly,2022-05-02 02:00:00,254.0,inch_code
aguasdejoi,hourly,2022-05-02 04:00:00,254.0,inch_code
aguasdejoi,hourly,2022-05-02 06:00:00,254.0,inch_code
aguasdejoi,hourly,2022-05-02 10:00:00,254.0,inch_code
aguasdejoi,hourly,2022-05-02 13:00:00,254.0,inch_code
aguasdejoi,hourly,2022-05-02 15:00:00,254.0,inch_code
aguasdejoi,hourly,2022-05-02 16:00:00,254.0,inch_code
aguasdejoi,hourly,2022-05-03 06:00:00,254.0,inch_code
aguasdejoi,hourly,2022-05-03 07:00:00,254.0,inch_code
aguasdejoi,hourly,2022-05-03 08:00:00,254.0,inch_code
aguasdejoi,hourly,2022-05-03 09:00:00,254.0,inch_code
aguasdejoi,hourly,2022-05-04 00:00:00,254.0,inch_code
aguasdejoi,hourly,2022-05-04 01:00:00,254.0,inch_code
aguasdejoi,hourly,2022-05-04 02:00:00,254.0,inch_code
aguasdejoi,hourly,2022-05-04 06:00:00,254.0,inch_code
aguasdejoi,hourly,2022-05-04 17:00:00,254.0,inch_code
aguasdejoi,hourly,2022-05-04 20:00:00,254.0,inch_code
aguasdejoi,hourly,2022-05-05 01:00:00,254.0,inch_code
aguasdejoi,hourly,2022-05-05 03:00:00,254.0,inch_code
aguasdejoi,hourly,2022-05-09 04:00:00,254.0,inch_code
aguasdejoi,hourly,2022-05-09 05:00:00,254.0,inch_code
aguasdejoi,hourly,2022-05-09 07:00:00,254.0,inch_code
aguasdejoi,hourly,2022-05-09 16:00:00,254.0,inch_code
aguasdejoi,hourly,2022-05-10 02:00:00,254.0,inch_code
aguasdejoi,hourly,2022-05-10 06:00:00,254.0,inch_code
aguasdejoi,hourly,2022-05-10 19:00:00,254.0,inch_code
aguasdejoi,hourly,2022-05-10 21:00:00,254.0,inch_code
aguasdejoi,hourly,2022-05-30 14:00:00,254.0,inch_code
aguasdejoi,hourly,2022-05-31 01:00:00,254.0,inch_code
aguasdejoi,hourly,2022-05-31 02:00:00,254.0,inch_code
aguasdejoi,hourly,2022-05-31 03:00:00,254.0,inch_code
aguasdejoi,hourly,2022-05-31 05:00:00,254.0,inch_code
aguasdejoi,hourly,2022-05-31 20:00:00,254.0,inch_code
aguasdejoi,hourly,2022-06-01 08:00:00,254.0,inch_code
aguasdejoi,hourly,2022-06-02 22:00:00,254.0,inch_code
aguasdejoi,hourly,2022-06-03 01:00:00,254.0,inch_code
aguasdejoi,hourly,2022-06-03 03:00:00,254.0,inch_code
aguasdejoi,hourly,2022-06-03 08:00:00,254.0,inch_code
aguasdejoi,hourly,2022-06-05 05:00:00,254.0,inch_code
aguasdejoi,hourly,2022-06-05 07:00:00,254.0,inch_code
ceasa,daily,2025-01-14,254.0,inch_code
ceasa,daily,2025-01-24,254.0,inch_code
ceasa,daily,2025-03-29,254.0,inch_code
ceasa,daily,2025-04-07,254.0,inch_code
ceasa,daily,2025-05-27,254.0,inch_code
ceasa,daily,2025-05-31,254.0,inch_code
ceasa,daily,2025-09-11,254.0,inch_code
ceasa,daily,2025-10-05,254.0,inch_code
ceasa,daily,2025-12-04,254.0,inch_code
ceasa,daily,2025-12-13,254.0,inch_code
ceasa,daily,2025-12-14,254.0,inch_code
ceasa,daily,2026-01-06,254.0,inch_code
ceasa,daily,2026-02-13,254.0,inch_code
ceasa,daily,2026-02-16,254.0,inch_code
ceasa,daily,2026-02-24,254.0,inch_code
ceasa,daily,2026-03-01,254.0,inch_code
ceasa,daily,2026-03-08,254.0,inch_code
ceasa,daily,2026-04-13,254.0,inch_code
ceasa,hourly,2013-08-28 12:00:00,104.8,gap_dump
ceasa,hourly,2025-03-25 23:00:00,254.0,inch_code
ceasa,hourly,2025-03-26 02:00:00,254.0,inch_code
ceasa,hourly,2025-03-26 10:00:00,254.0,inch_code
ceasa,hourly,2025-03-26 15:00:00,254.0,inch_code
ceasa,hourly,2025-03-26 21:00:00,254.0,inch_code
ceasa,hourly,2025-03-27 05:00:00,254.0,inch_code
ceasa,hourly,2025-03-28 05:00:00,254.0,inch_code
ceasa,hourly,2025-04-03 18:00:00,254.0,inch_code
ceasa,hourly,2025-04-03 23:00:00,254.0,inch_code
ceasa,hourly,2025-04-04 14:00:00,254.0,inch_code
ceasa,hourly,2025-04-04 16:00:00,254.0,inch_code
ceasa,hourly,2025-04-06 01:00:00,254.0,inch_code
ceasa,hourly,2025-04-06 03:00:00,254.0,inch_code
ceasa,hourly,2025-04-06 11:00:00,254.0,inch_code
ceasa,hourly,2025-04-07 08:00:00,254.0,inch_code
ceasa,hourly,2025-04-07 10:00:00,254.0,inch_code
ceasa,hourly,2025-04-11 15:00:00,254.0,inch_code
ceasa,hourly,2025-04-12 11:00:00,254.0,inch_code
ceasa,hourly,2025-04-13 21:00:00,254.0,inch_code
ceasa,hourly,2025-04-13 23:00:00,254.0,inch_code
ceasa,hourly,2025-05-10 02:00:00,254.0,inch_code
ceasa,hourly,2025-05-12 03:00:00,254.0,inch_code
ceasa,hourly,2025-05-12 09:00:00,254.0,inch_code
ceasa,hourly,2025-05-13 21:00:00,254.0,inch_code
ceasa,hourly,2025-05-14 00:00:00,254.0,inch_code
ceasa,hourly,2025-05-14 11:00:00,254.0,inch_code
ceasa,hourly,2025-05-14 22:00:00,254.0,inch_code
ceasa,hourly,2025-05-15 01:00:00,254.0,inch_code
ceasa,hourly,2025-05-15 22:00:00,254.0,inch_code
ceasa,hourly,2025-05-16 01:00:00,254.0,inch_code
ceasa,hourly,2025-05-21 02:00:00,254.0,inch_code
ceasa,hourly,2025-05-21 03:00:00,254.0,inch_code
ceasa,hourly,2025-05-21 04:00:00,254.0,inch_code
ceasa,hourly,2025-05-21 05:00:00,254.0,inch_code
ceasa,hourly,2025-05-21 06:00:00,254.0,inch_code
ceasa,hourly,2025-05-21 14:00:00,254.0,inch_code
ceasa,hourly,2025-05-23 11:00:00,254.0,inch_code
ceasa,hourly,2025-06-02 01:00:00,254.0,inch_code
ceasa,hourly,2025-06-05 00:00:00,254.0,inch_code
ceasa,hourly,2025-06-05 02:00:00,254.0,inch_code
ceasa,hourly,2025-06-05 03:00:00,254.0,inch_code
ceasa,hourly,2025-06-05 09:00:00,254.0,inch_code
ceasa,hourly,2025-06-05 11:00:00,254.0,inch_code
ceasa,hourly,2025-06-06 23:00:00,254.0,inch_code
ceasa,hourly,2025-06-08 19:00:00,254.0,inch_code
ceasa,hourly,2025-06-09 15:00:00,254.0,inch_code
ceasa,hourly,2025-06-12 20:00:00,254.0,inch_code
ceasa,hourly,2025-06-13 02:00:00,254.0,inch_code
ceasa,hourly,2025-06-13 09:00:00,254.0,inch_code
ceasa,hourly,2025-06-14 00:00:00,254.0,inch_code
ceasa,hourly,2025-06-20 17:00:00,254.0,inch_code
ceasa,hourly,2025-06-22 14:00:00,254.0,inch_code
ceasa,hourly,2025-07-04 12:00:00,254.0,inch_code
ceasa,hourly,2025-07-04 13:00:00,254.0,inch_code
ceasa,hourly,2025-08-05 12:00:00,254.0,inch_code
ceasa,hourly,2025-08-06 11:00:00,254.0,inch_code
ceasa,hourly,2025-08-26 08:00:00,254.0,inch_code
ceasa,hourly,2025-08-26 11:00:00,254.0,inch_code
ceasa,hourly,2025-08-27 13:00:00,254.0,inch_code
ceasa,hourly,2025-08-27 18:00:00,254.0,inch_code
ceasa,hourly,2025-08-28 16:00:00,254.0,inch_code
ceasa,hourly,2025-08-31 12:00:00,254.0,inch_code
ceasa,hourly,2025-09-01 16:00:00,254.0,inch_code
ceasa,hourly,2025-09-01 17:00:00,254.0,inch_code
ceasa,hourly,2025-09-06 15:00:00,254.0,inch_code
ceasa,hourly,2025-09-07 12:00:00,254.0,inch_code
ceasa,hourly,2025-09-08 11:00:00,254.0,inch_code
ceasa,hourly,2025-09-08 15:00:00,254.0,inch_code
ceasa,hourly,2025-09-10 10:00:00,254.0,inch_code
ceasa,hourly,2025-09-18 09:00:00,254.0,inch_code
ceasa,hourly,2025-09-18 23:00:00,254.0,inch_code
ceasa,hourly,2025-09-25 13:00:00,254.0,inch_code
ceasa,hourly,2025-09-27 09:00:00,254.0,inch_code
ceasa,hourly,2025-09-27 10:00:00,254.0,inch_code
ceasa,hourly,2025-09-28 15:00:00,254.0,inch_code
ceasa,hourly,2025-10-04 14:00:00,254.0,inch_code
ceasa,hourly,2025-10-07 10:00:00,254.0,inch_code
ceasa,hourly,2025-10-07 12:00:00,254.0,inch_code
ceasa,hourly,2025-10-08 11:00:00,254.0,inch_code
ceasa,hourly,2025-10-10 11:00:00,254.0,inch_code
ceasa,hourly,2025-10-10 18:00:00,254.0,inch_code
ceasa,hourly,2025-10-10 23:00:00,254.0,inch_code
ceasa,hourly,2025-10-12 22:00:00,254.0,inch_code
ceasa,hourly,2025-10-18 21:00:00,254.0,inch_code
ceasa,hourly,2025-10-20 19:00:00,254.0,inch_code
ceasa,hourly,2025-10-22 09:00:00,254.0,inch_code
ceasa,hourly,2025-10-22 11:00:00,254.0,inch_code
ceasa,hourly,2025-10-22 23:00:00,254.0,inch_code
ceasa,hourly,2025-10-27 01:00:00,254.0,inch_code
ceasa,hourly,2025-10-28 10:00:00,254.0,inch_code
ceasa,hourly,2025-10-28 11:00:00,254.0,inch_code
ceasa,hourly,2025-10-31 09:00:00,254.0,inch_code
ceasa,hourly,2025-10-31 16:00:00,254.0,inch_code
ceasa,hourly,2025-10-31 22:00:00,254.0,inch_code
ceasa,hourly,2025-11-03 20:00:00,254.0,inch_code
ceasa,hourly,2025-11-07 19:00:00,254.0,inch_code
ceasa,hourly,2025-11-07 20:00:00,254.0,inch_code
ceasa,hourly,2025-11-12 22:00:00,254.0,inch_code
ceasa,hourly,2025-11-13 01:00:00,254.0,inch_code
ceasa,hourly,2025-11-13 02:00:00,254.0,inch_code
ceasa,hourly,2025-11-17 13:00:00,254.0,inch_code
ceasa,hourly,2025-11-18 11:00:00,254.0,inch_code
ceasa,hourly,2025-11-18 14:00:00,254.0,inch_code
ceasa,hourly,2025-11-18 15:00:00,254.0,inch_code
ceasa,hourly,2025-11-18 19:00:00,254.0,inch_code
ceasa,hourly,2025-11-22 18:00:00,254.0,inch_code
ceasa,hourly,2025-11-23 00:00:00,254.0,inch_code
ceasa,hourly,2025-11-23 10:00:00,254.0,inch_code
ceasa,hourly,2025-11-23 17:00:00,254.0,inch_code
ceasa,hourly,2025-11-24 19:00:00,254.0,inch_code
ceasa,hourly,2025-11-28 22:00:00,254.0,inch_code
ceasa,hourly,2025-11-29 22:00:00,254.0,inch_code
ceasa,hourly,2025-11-29 23:00:00,254.0,inch_code
ceasa,hourly,2025-11-30 01:00:00,254.0,inch_code
ceasa,hourly,2025-11-30 02:00:00,254.0,inch_code
ceasa,hourly,2025-11-30 20:00:00,254.0,inch_code
ceasa,hourly,2025-12-01 01:00:00,254.0,inch_code
ceasa,hourly,2025-12-01 14:00:00,254.0,inch_code
ceasa,hourly,2025-12-02 11:00:00,254.0,inch_code
ceasa,hourly,2025-12-02 12:00:00,254.0,inch_code
ceasa,hourly,2025-12-02 22:00:00,254.0,inch_code
ceasa,hourly,2025-12-02 23:00:00,254.0,inch_code
ceasa,hourly,2025-12-03 20:00:00,254.0,inch_code
ceasa,hourly,2025-12-08 22:00:00,254.0,inch_code
ceasa,hourly,2025-12-09 00:00:00,254.0,inch_code
ceasa,hourly,2025-12-09 01:00:00,254.0,inch_code
ceasa,hourly,2025-12-09 11:00:00,254.0,inch_code
ceasa,hourly,2025-12-09 17:00:00,254.0,inch_code
ceasa,hourly,2025-12-12 19:00:00,254.0,inch_code
ceasa,hourly,2025-12-13 10:00:00,254.0,inch_code
ceasa,hourly,2026-01-01 01:00:00,254.0,inch_code
ceasa,hourly,2026-01-01 06:00:00,254.0,inch_code
ceasa,hourly,2026-01-05 22:00:00,254.0,inch_code
ceasa,hourly,2026-01-08 14:00:00,254.0,inch_code
ceasa,hourly,2026-01-08 15:00:00,254.0,inch_code
ceasa,hourly,2026-01-08 23:00:00,254.0,inch_code
ceasa,hourly,2026-01-10 23:00:00,254.0,inch_code
ceasa,hourly,2026-01-12 13:00:00,254.0,inch_code
ceasa,hourly,2026-01-14 14:00:00,254.0,inch_code
ceasa,hourly,2026-01-17 19:00:00,254.0,inch_code
ceasa,hourly,2026-01-18 07:00:00,254.0,inch_code
ceasa,hourly,2026-01-18 15:00:00,254.0,inch_code
ceasa,hourly,2026-01-18 23:00:00,254.0,inch_code
ceasa,hourly,2026-01-19 02:00:00,254.0,inch_code
ceasa,hourly,2026-01-19 03:00:00,254.0,inch_code
ceasa,hourly,2026-01-19 06:00:00,254.0,inch_code
ceasa,hourly,2026-01-21 14:00:00,254.0,inch_code
ceasa,hourly,2026-01-22 01:00:00,254.0,inch_code
ceasa,hourly,2026-01-22 03:00:00,254.0,inch_code
ceasa,hourly,2026-01-23 08:00:00,254.0,inch_code
ceasa,hourly,2026-01-29 12:00:00,254.0,inch_code
ceasa,hourly,2026-01-29 13:00:00,254.0,inch_code
ceasa,hourly,2026-01-29 23:00:00,254.0,inch_code
ceasa,hourly,2026-02-01 01:00:00,254.0,inch_code
ceasa,hourly,2026-02-02 11:00:00,254.0,inch_code
ceasa,hourly,2026-02-03 05:00:00,254.0,inch_code
ceasa,hourly,2026-02-03 16:00:00,254.0,inch_code
ceasa,hourly,2026-02-04 02:00:00,254.0,inch_code
ceasa,hourly,2026-02-04 15:00:00,254.0,inch_code
ceasa,hourly,2026-02-05 04:00:00,254.0,inch_code
ceasa,hourly,2026-02-07 23:00:00,254.0,inch_code
ceasa,hourly,2026-02-08 00:00:00,254.0,inch_code
ceasa,hourly,2026-02-09 18:00:00,254.0,inch_code
ceasa,hourly,2026-02-12 23:00:00,254.0,inch_code
ceasa,hourly,2026-02-13 14:00:00,254.0,inch_code
ceasa,hourly,2026-02-13 18:00:00,254.0,inch_code
ceasa,hourly,2026-02-13 20:00:00,254.0,inch_code
ceasa,hourly,2026-02-14 13:00:00,254.0,inch_code
ceasa,hourly,2026-02-14 14:00:00,254.0,inch_code
ceasa,hourly,2026-02-14 15:00:00,254.0,inch_code
ceasa,hourly,2026-02-14 20:00:00,254.0,inch_code
ceasa,hourly,2026-02-15 00:00:00,254.0,inch_code
ceasa,hourly,2026-02-15 21:00:00,254.0,inch_code
ceasa,hourly,2026-02-17 23:00:00,254.0,inch_code
ceasa,hourly,2026-02-18 02:00:00,254.0,inch_code
ceasa,hourly,2026-02-18 20:00:00,254.0,inch_code
ceasa,hourly,2026-02-18 22:00:00,254.0,inch_code
ceasa,hourly,2026-02-18 23:00:00,254.0,inch_code
ceasa,hourly,2026-02-19 06:00:00,254.0,inch_code
ceasa,hourly,2026-02-21 06:00:00,254.0,inch_code
ceasa,hourly,2026-02-21 08:00:00,254.0,inch_code
ceasa,hourly,2026-02-23 23:00:00,254.0,inch_code
ceasa,hourly,2026-02-24 05:00:00,254.0,inch_code
ceasa,hourly,2026-02-24 18:00:00,254.0,inch_code
ceasa,hourly,2026-02-25 00:00:00,254.0,inch_code
ceasa,hourly,2026-02-25 04:00:00,254.0,inch_code
ceasa,hourly,2026-02-25 23:00:00,254.0,inch_code
ceasa,hourly,2026-02-26 00:00:00,254.0,inch_code
ceasa,hourly,2026-02-28 09:00:00,254.0,inch_code
ceasa,hourly,2026-03-07 20:00:00,254.0,inch_code
ceasa,hourly,2026-03-08 18:00:00,254.0,inch_code
ceasa,hourly,2026-03-08 20:00:00,254.0,inch_code
ceasa,hourly,2026-03-08 22:00:00,254.0,inch_code
ceasa,hourly,2026-03-09 10:00:00,254.0,inch_code
ceasa,hourly,2026-03-10 19:00:00,254.0,inch_code
ceasa,hourly,2026-03-11 15:00:00,254.0,inch_code
ceasa,hourly,2026-03-11 16:00:00,254.0,inch_code
ceasa,hourly,2026-03-11 17:00:00,254.0,inch_code
ceasa,hourly,2026-03-11 23:00:00,254.0,inch_code
ceasa,hourly,2026-03-12 15:00:00,254.0,inch_code
ceasa,hourly,2026-03-19 09:00:00,254.0,inch_code
ceasa,hourly,2026-03-31 08:00:00,254.0,inch_code
ceasa,hourly,2026-03-31 13:00:00,254.0,inch_code
ceasa,hourly,2026-03-31 17:00:00,254.0,inch_code
ceasa,hourly,2026-03-31 22:00:00,254.0,inch_code
ceasa,hourly,2026-04-03 15:00:00,254.0,inch_code
ceasa,hourly,2026-04-05 03:00:00,254.0,inch_code
ceasa,hourly,2026-04-06 11:00:00,254.0,inch_code
ceasa,hourly,2026-04-06 20:00:00,254.0,inch_code
ceasa,hourly,2026-04-07 00:00:00,254.0,inch_code
ceasa,hourly,2026-04-08 01:00:00,254.0,inch_code
ceasa,hourly,2026-04-10 22:00:00,254.0,inch_code
ceasa,hourly,2026-04-10 23:00:00,254.0,inch_code
ceasa,hourly,2026-04-11 03:00:00,254.0,inch_code
ceasa,hourly,2026-04-12 13:00:00,254.0,inch_code
ceasa,hourly,2026-04-15 23:00:00,254.0,inch_code
divobras,daily,2011-12-26,487.1,ceiling
divobras,daily,2012-01-23,228.6,inch_code
divobras,daily,2012-05-06,477.0,ceiling
divobras,daily,2013-02-07,466.6,ceiling
divobras,daily,2013-12-16,228.6,inch_code
divobras,daily,2015-11-07,465.7,ceiling
divobras,hourly,2011-09-20 23:00:00,230.0,ceiling
divobras,hourly,2011-10-13 05:00:00,233.6,ceiling
divobras,hourly,2011-11-12 00:00:00,228.6,inch_code
divobras,hourly,2011-11-14 08:00:00,229.7,ceiling
divobras,hourly,2011-11-14 16:00:00,232.3,ceiling
divobras,hourly,2011-12-25 18:00:00,457.9,ceiling
divobras,hourly,2012-01-01 01:00:00,237.7,ceiling
divobras,hourly,2012-01-09 03:00:00,229.7,ceiling
divobras,hourly,2012-01-14 20:00:00,232.3,ceiling
divobras,hourly,2012-01-22 22:00:00,228.6,inch_code
divobras,hourly,2012-02-28 14:00:00,234.6,ceiling
divobras,hourly,2012-04-01 10:00:00,228.6,inch_code
divobras,hourly,2012-04-01 14:00:00,229.1,ceiling
divobras,hourly,2012-04-26 07:00:00,466.1,ceiling
divobras,hourly,2012-04-26 10:00:00,238.7,ceiling
divobras,hourly,2012-05-05 06:00:00,233.3,ceiling
divobras,hourly,2012-05-05 10:00:00,237.7,ceiling
divobras,hourly,2012-06-04 06:00:00,240.4,ceiling
divobras,hourly,2012-07-30 03:00:00,235.0,ceiling
divobras,hourly,2012-07-30 10:00:00,230.2,ceiling
divobras,hourly,2012-10-12 09:00:00,230.4,ceiling
divobras,hourly,2012-11-09 22:00:00,235.5,ceiling
divobras,hourly,2012-11-15 18:00:00,229.1,ceiling
divobras,hourly,2013-02-06 06:00:00,230.0,ceiling
divobras,hourly,2013-02-06 07:00:00,230.2,ceiling
divobras,hourly,2013-03-30 12:00:00,229.3,ceiling
divobras,hourly,2013-05-24 01:00:00,233.6,ceiling
divobras,hourly,2013-06-21 13:00:00,240.9,ceiling
divobras,hourly,2013-06-27 03:00:00,228.6,inch_code
divobras,hourly,2013-07-21 09:00:00,240.5,ceiling
divobras,hourly,2013-08-26 14:00:00,230.2,ceiling
divobras,hourly,2013-09-20 08:00:00,229.1,ceiling
divobras,hourly,2013-09-22 08:00:00,230.2,ceiling
divobras,hourly,2013-10-17 13:00:00,230.0,ceiling
divobras,hourly,2013-11-25 02:00:00,231.2,ceiling
divobras,hourly,2013-12-05 14:00:00,255.2,ceiling
divobras,hourly,2013-12-15 09:00:00,228.6,inch_code
divobras,hourly,2014-01-04 09:00:00,230.0,ceiling
divobras,hourly,2014-03-05 11:00:00,230.2,ceiling
divobras,hourly,2014-03-12 02:00:00,229.7,ceiling
divobras,hourly,2014-03-13 12:00:00,238.7,ceiling
divobras,hourly,2014-04-19 17:00:00,235.8,ceiling
divobras,hourly,2014-05-10 12:00:00,229.5,ceiling
divobras,hourly,2014-06-28 18:00:00,232.5,ceiling
divobras,hourly,2014-07-18 00:00:00,228.6,inch_code
divobras,hourly,2014-09-27 13:00:00,229.7,ceiling
divobras,hourly,2015-02-13 05:00:00,232.0,ceiling
divobras,hourly,2015-02-14 13:00:00,235.2,ceiling
divobras,hourly,2015-11-06 04:00:00,457.7,ceiling
divobras,hourly,2015-11-08 07:00:00,232.7,ceiling
divobras,hourly,2015-11-22 15:00:00,234.2,ceiling
flotflux,daily,2025-06-11,254.0,inch_code
flotflux,daily,2025-07-02,254.0,inch_code
flotflux,daily,2025-08-31,254.0,inch_code
flotflux,daily,2025-09-04,254.0,inch_code
flotflux,daily,2025-10-02,254.0,inch_code
flotflux,daily,2025-11-02,254.0,inch_code
flotflux,daily,2025-11-26,254.0,inch_code
flotflux,daily,2025-11-29,254.0,inch_code
flotflux,daily,2025-12-09,254.0,inch_code
flotflux,daily,2025-12-13,254.0,inch_code
flotflux,daily,2026-01-06,254.0,inch_code
flotflux,daily,2026-01-22,254.0,inch_code
flotflux,daily,2026-01-25,254.0,inch_code
flotflux,daily,2026-02-10,254.0,inch_code
flotflux,daily,2026-02-27,254.0,inch_code
flotflux,daily,2026-03-01,254.0,inch_code
flotflux,daily,2026-03-14,254.0,inch_code
flotflux,daily,2026-03-24,254.0,inch_code
flotflux,daily,2026-04-15,254.0,inch_code
flotflux,hourly,2025-05-22 18:00:00,254.0,inch_code
flotflux,hourly,2025-05-22 22:00:00,254.0,inch_code
flotflux,hourly,2025-05-22 23:00:00,254.0,inch_code
flotflux,hourly,2025-05-23 01:00:00,254.0,inch_code
flotflux,hourly,2025-05-23 03:00:00,254.0,inch_code
flotflux,hourly,2025-05-23 04:00:00,254.0,inch_code
flotflux,hourly,2025-05-23 05:00:00,254.0,inch_code
flotflux,hourly,2025-05-23 06:00:00,254.0,inch_code
flotflux,hourly,2025-05-23 07:00:00,254.0,inch_code
flotflux,hourly,2025-05-23 13:00:00,254.0,inch_code
flotflux,hourly,2025-05-23 17:00:00,254.0,inch_code
flotflux,hourly,2025-05-23 18:00:00,254.0,inch_code
flotflux,hourly,2025-05-23 19:00:00,254.0,inch_code
flotflux,hourly,2025-05-23 20:00:00,254.0,inch_code
flotflux,hourly,2025-05-23 22:00:00,254.0,inch_code
flotflux,hourly,2025-05-24 00:00:00,254.0,inch_code
flotflux,hourly,2025-05-24 02:00:00,254.0,inch_code
flotflux,hourly,2025-05-24 09:00:00,254.0,inch_code
flotflux,hourly,2025-05-24 11:00:00,254.0,inch_code
flotflux,hourly,2025-05-24 13:00:00,254.0,inch_code
flotflux,hourly,2025-05-24 19:00:00,254.0,inch_code
flotflux,hourly,2025-05-24 20:00:00,254.0,inch_code
flotflux,hourly,2025-05-24 22:00:00,254.0,inch_code
flotflux,hourly,2025-05-25 03:00:00,254.0,inch_code
flotflux,hourly,2025-05-25 04:00:00,254.0,inch_code
flotflux,hourly,2025-05-25 05:00:00,254.0,inch_code
flotflux,hourly,2025-06-02 07:00:00,254.0,inch_code
flotflux,hourly,2025-06-02 08:00:00,254.0,inch_code
flotflux,hourly,2025-06-02 11:00:00,254.0,inch_code
flotflux,hourly,2025-06-03 05:00:00,254.0,inch_code
flotflux,hourly,2025-06-03 07:00:00,254.0,inch_code
flotflux,hourly,2025-06-05 01:00:00,254.0,inch_code
flotflux,hourly,2025-06-05 02:00:00,254.0,inch_code
flotflux,hourly,2025-06-05 05:00:00,254.0,inch_code
flotflux,hourly,2025-06-05 06:00:00,254.0,inch_code
flotflux,hourly,2025-06-05 12:00:00,254.0,inch_code
flotflux,hourly,2025-06-07 01:00:00,254.0,inch_code
flotflux,hourly,2025-06-07 02:00:00,254.0,inch_code
flotflux,hourly,2025-06-07 03:00:00,254.0,inch_code
flotflux,hourly,2025-06-07 04:00:00,254.0,inch_code
flotflux,hourly,2025-06-07 06:00:00,254.0,inch_code
flotflux,hourly,2025-06-07 10:00:00,254.0,inch_code
flotflux,hourly,2025-06-07 11:00:00,254.0,inch_code
flotflux,hourly,2025-06-07 12:00:00,254.0,inch_code
flotflux,hourly,2025-06-07 17:00:00,254.0,inch_code
flotflux,hourly,2025-06-09 15:00:00,254.0,inch_code
flotflux,hourly,2025-06-09 16:00:00,254.0,inch_code
flotflux,hourly,2025-06-09 21:00:00,254.0,inch_code
flotflux,hourly,2025-06-09 22:00:00,254.0,inch_code
flotflux,hourly,2025-06-10 00:00:00,254.0,inch_code
flotflux,hourly,2025-06-10 05:00:00,254.0,inch_code
flotflux,hourly,2025-06-12 21:00:00,254.0,inch_code
flotflux,hourly,2025-06-12 22:00:00,254.0,inch_code
flotflux,hourly,2025-06-13 02:00:00,254.0,inch_code
flotflux,hourly,2025-06-14 01:00:00,254.0,inch_code
flotflux,hourly,2025-06-14 03:00:00,254.0,inch_code
flotflux,hourly,2025-06-14 04:00:00,254.0,inch_code
flotflux,hourly,2025-06-14 05:00:00,254.0,inch_code
flotflux,hourly,2025-06-14 08:00:00,254.0,inch_code
flotflux,hourly,2025-06-20 22:00:00,254.0,inch_code
flotflux,hourly,2025-06-22 14:00:00,254.0,inch_code
flotflux,hourly,2025-06-23 05:00:00,254.0,inch_code
flotflux,hourly,2025-06-23 06:00:00,254.0,inch_code
flotflux,hourly,2025-06-23 12:00:00,254.0,inch_code
flotflux,hourly,2025-06-23 14:00:00,254.0,inch_code
flotflux,hourly,2025-06-27 03:00:00,254.0,inch_code
flotflux,hourly,2025-06-27 07:00:00,254.0,inch_code
flotflux,hourly,2025-06-28 04:00:00,254.0,inch_code
flotflux,hourly,2025-06-28 05:00:00,254.0,inch_code
flotflux,hourly,2025-06-30 05:00:00,254.0,inch_code
flotflux,hourly,2025-06-30 06:00:00,254.0,inch_code
flotflux,hourly,2025-06-30 10:00:00,254.0,inch_code
flotflux,hourly,2025-06-30 11:00:00,254.0,inch_code
flotflux,hourly,2025-07-01 03:00:00,254.0,inch_code
flotflux,hourly,2025-07-02 18:00:00,254.0,inch_code
flotflux,hourly,2025-07-04 05:00:00,254.0,inch_code
flotflux,hourly,2025-07-05 04:00:00,254.0,inch_code
flotflux,hourly,2025-07-24 17:00:00,254.0,inch_code
flotflux,hourly,2025-07-24 18:00:00,254.0,inch_code
flotflux,hourly,2025-07-25 02:00:00,254.0,inch_code
flotflux,hourly,2025-07-25 06:00:00,254.0,inch_code
flotflux,hourly,2025-07-25 08:00:00,254.0,inch_code
flotflux,hourly,2025-07-27 07:00:00,254.0,inch_code
flotflux,hourly,2025-07-27 08:00:00,254.0,inch_code
flotflux,hourly,2025-07-27 10:00:00,254.0,inch_code
flotflux,hourly,2025-08-04 09:00:00,254.0,inch_code
flotflux,hourly,2025-08-04 11:00:00,254.0,inch_code
flotflux,hourly,2025-08-05 06:00:00,254.0,inch_code
flotflux,hourly,2025-08-05 11:00:00,254.0,inch_code
flotflux,hourly,2025-08-05 12:00:00,254.0,inch_code
flotflux,hourly,2025-08-06 08:00:00,254.0,inch_code
flotflux,hourly,2025-08-06 09:00:00,254.0,inch_code
flotflux,hourly,2025-08-06 10:00:00,254.0,inch_code
flotflux,hourly,2025-08-06 19:00:00,254.0,inch_code
flotflux,hourly,2025-08-08 06:00:00,254.0,inch_code
flotflux,hourly,2025-08-08 18:00:00,254.0,inch_code
flotflux,hourly,2025-08-08 23:00:00,254.0,inch_code
flotflux,hourly,2025-08-15 16:00:00,254.0,inch_code
flotflux,hourly,2025-08-15 17:00:00,254.0,inch_code
flotflux,hourly,2025-08-15 18:00:00,254.0,inch_code
flotflux,hourly,2025-08-15 21:00:00,254.0,inch_code
flotflux,hourly,2025-08-16 00:00:00,254.0,inch_code
flotflux,hourly,2025-08-16 04:00:00,254.0,inch_code
flotflux,hourly,2025-08-20 10:00:00,254.0,inch_code
flotflux,hourly,2025-08-24 08:00:00,254.0,inch_code
flotflux,hourly,2025-08-24 09:00:00,254.0,inch_code
flotflux,hourly,2025-08-24 12:00:00,254.0,inch_code
flotflux,hourly,2025-08-24 16:00:00,254.0,inch_code
flotflux,hourly,2025-08-25 00:00:00,254.0,inch_code
flotflux,hourly,2025-08-25 03:00:00,254.0,inch_code
flotflux,hourly,2025-08-26 07:00:00,254.0,inch_code
flotflux,hourly,2025-08-26 22:00:00,254.0,inch_code
flotflux,hourly,2025-08-27 01:00:00,254.0,inch_code
flotflux,hourly,2025-08-27 13:00:00,254.0,inch_code
flotflux,hourly,2025-08-27 14:00:00,254.0,inch_code
flotflux,hourly,2025-08-27 15:00:00,254.0,inch_code
flotflux,hourly,2025-08-27 16:00:00,254.0,inch_code
flotflux,hourly,2025-08-27 19:00:00,254.0,inch_code
flotflux,hourly,2025-08-27 20:00:00,254.0,inch_code
flotflux,hourly,2025-08-28 02:00:00,254.0,inch_code
flotflux,hourly,2025-08-28 08:00:00,254.0,inch_code
flotflux,hourly,2025-08-30 22:00:00,254.0,inch_code
flotflux,hourly,2025-08-31 01:00:00,254.0,inch_code
flotflux,hourly,2025-08-31 02:00:00,254.0,inch_code
flotflux,hourly,2025-08-31 03:00:00,254.0,inch_code
flotflux,hourly,2025-08-31 12:00:00,254.0,inch_code
flotflux,hourly,2025-09-01 00:00:00,254.0,inch_code
flotflux,hourly,2025-09-01 02:00:00,254.0,inch_code
flotflux,hourly,2025-09-01 06:00:00,254.0,inch_code
flotflux,hourly,2025-09-01 07:00:00,254.0,inch_code
flotflux,hourly,2025-09-01 15:00:00,254.0,inch_code
flotflux,hourly,2025-09-01 22:00:00,254.0,inch_code
flotflux,hourly,2025-09-01 23:00:00,254.0,inch_code
flotflux,hourly,2025-09-02 01:00:00,254.0,inch_code
flotflux,hourly,2025-09-02 04:00:00,254.0,inch_code
flotflux,hourly,2025-09-03 02:00:00,254.0,inch_code
flotflux,hourly,2025-09-05 06:00:00,254.0,inch_code
flotflux,hourly,2025-09-05 07:00:00,254.0,inch_code
flotflux,hourly,2025-09-05 12:00:00,254.0,inch_code
flotflux,hourly,2025-09-05 15:00:00,254.0,inch_code
flotflux,hourly,2025-09-05 16:00:00,254.0,inch_code
flotflux,hourly,2025-09-05 22:00:00,254.0,inch_code
flotflux,hourly,2025-09-06 04:00:00,254.0,inch_code
flotflux,hourly,2025-09-06 09:00:00,254.0,inch_code
flotflux,hourly,2025-09-06 17:00:00,254.0,inch_code
flotflux,hourly,2025-09-06 18:00:00,254.0,inch_code
flotflux,hourly,2025-09-06 23:00:00,254.0,inch_code
flotflux,hourly,2025-09-07 01:00:00,254.0,inch_code
flotflux,hourly,2025-09-07 04:00:00,254.0,inch_code
flotflux,hourly,2025-09-07 06:00:00,254.0,inch_code
flotflux,hourly,2025-09-07 10:00:00,254.0,inch_code
flotflux,hourly,2025-09-07 12:00:00,254.0,inch_code
flotflux,hourly,2025-09-07 23:00:00,254.0,inch_code
flotflux,hourly,2025-09-08 03:00:00,254.0,inch_code
flotflux,hourly,2025-09-08 06:00:00,254.0,inch_code
flotflux,hourly,2025-09-08 07:00:00,254.0,inch_code
flotflux,hourly,2025-09-08 08:00:00,254.0,inch_code
flotflux,hourly,2025-09-08 10:00:00,254.0,inch_code
flotflux,hourly,2025-09-08 11:00:00,254.0,inch_code
flotflux,hourly,2025-09-18 02:00:00,254.0,inch_code
flotflux,hourly,2025-09-21 23:00:00,254.0,inch_code
flotflux,hourly,2025-09-26 00:00:00,254.0,inch_code
flotflux,hourly,2025-09-26 19:00:00,254.0,inch_code
flotflux,hourly,2025-09-27 07:00:00,254.0,inch_code
flotflux,hourly,2025-09-27 10:00:00,254.0,inch_code
flotflux,hourly,2025-09-28 13:00:00,254.0,inch_code
flotflux,hourly,2025-10-01 01:00:00,254.0,inch_code
flotflux,hourly,2025-10-02 06:00:00,254.0,inch_code
flotflux,hourly,2025-10-02 07:00:00,254.0,inch_code
flotflux,hourly,2025-10-02 08:00:00,254.0,inch_code
flotflux,hourly,2025-10-02 11:00:00,254.0,inch_code
flotflux,hourly,2025-10-02 13:00:00,254.0,inch_code
flotflux,hourly,2025-10-02 16:00:00,254.0,inch_code
flotflux,hourly,2025-10-03 02:00:00,254.0,inch_code
flotflux,hourly,2025-10-03 06:00:00,254.0,inch_code
flotflux,hourly,2025-10-03 08:00:00,254.0,inch_code
flotflux,hourly,2025-10-03 11:00:00,254.0,inch_code
flotflux,hourly,2025-10-06 08:00:00,254.0,inch_code
flotflux,hourly,2025-10-06 19:00:00,254.0,inch_code
flotflux,hourly,2025-10-07 03:00:00,254.0,inch_code
flotflux,hourly,2025-10-07 05:00:00,254.0,inch_code
flotflux,hourly,2025-10-07 11:00:00,254.0,inch_code
flotflux,hourly,2025-10-07 18:00:00,254.0,inch_code
flotflux,hourly,2025-10-08 01:00:00,254.0,inch_code
flotflux,hourly,2025-10-09 07:00:00,254.0,inch_code
flotflux,hourly,2025-10-09 21:00:00,254.0,inch_code
flotflux,hourly,2025-10-10 02:00:00,254.0,inch_code
flotflux,hourly,2025-10-10 07:00:00,254.0,inch_code
flotflux,hourly,2025-10-10 11:00:00,254.0,inch_code
flotflux,hourly,2025-10-10 20:00:00,254.0,inch_code
flotflux,hourly,2025-10-10 22:00:00,254.0,inch_code
flotflux,hourly,2025-10-11 03:00:00,254.0,inch_code
flotflux,hourly,2025-10-11 04:00:00,254.0,inch_code
flotflux,hourly,2025-10-11 07:00:00,254.0,inch_code
flotflux,hourly,2025-10-12 17:00:00,254.0,inch_code
flotflux,hourly,2025-10-18 00:00:00,254.0,inch_code
flotflux,hourly,2025-10-18 13:00:00,254.0,inch_code
flotflux,hourly,2025-10-18 15:00:00,254.0,inch_code
flotflux,hourly,2025-10-18 18:00:00,254.0,inch_code
flotflux,hourly,2025-10-20 12:00:00,254.0,inch_code
flotflux,hourly,2025-10-21 22:00:00,254.0,inch_code
flotflux,hourly,2025-10-21 23:00:00,254.0,inch_code
flotflux,hourly,2025-10-22 12:00:00,254.0,inch_code
flotflux,hourly,2025-10-23 03:00:00,254.0,inch_code
flotflux,hourly,2025-10-23 06:00:00,254.0,inch_code
flotflux,hourly,2025-10-27 04:00:00,254.0,inch_code
flotflux,hourly,2025-10-27 11:00:00,254.0,inch_code
flotflux,hourly,2025-10-27 14:00:00,254.0,inch_code
flotflux,hourly,2025-10-28 03:00:00,254.0,inch_code
flotflux,hourly,2025-10-28 05:00:00,254.0,inch_code
flotflux,hourly,2025-10-28 06:00:00,254.0,inch_code
flotflux,hourly,2025-10-28 20:00:00,254.0,inch_code
flotflux,hourly,2025-10-29 09:00:00,254.0,inch_code
flotflux,hourly,2025-10-29 11:00:00,254.0,inch_code
flotflux,hourly,2025-10-30 00:00:00,254.0,inch_code
flotflux,hourly,2025-10-30 03:00:00,254.0,inch_code
flotflux,hourly,2025-10-30 05:00:00,254.0,inch_code
flotflux,hourly,2025-10-30 07:00:00,254.0,inch_code
flotflux,hourly,2025-10-30 17:00:00,254.0,inch_code
flotflux,hourly,2025-10-30 18:00:00,254.0,inch_code
flotflux,hourly,2025-10-30 22:00:00,254.0,inch_code
flotflux,hourly,2025-10-30 23:00:00,254.0,inch_code
flotflux,hourly,2025-10-31 02:00:00,254.0,inch_code
flotflux,hourly,2025-10-31 03:00:00,254.0,inch_code
flotflux,hourly,2025-10-31 04:00:00,254.0,inch_code
flotflux,hourly,2025-10-31 08:00:00,254.0,inch_code
flotflux,hourly,2025-11-01 00:00:00,254.0,inch_code
flotflux,hourly,2025-11-01 05:00:00,254.0,inch_code
flotflux,hourly,2025-11-02 02:00:00,254.0,inch_code
flotflux,hourly,2025-11-02 07:00:00,254.0,inch_code
flotflux,hourly,2025-11-04 02:00:00,254.0,inch_code
flotflux,hourly,2025-11-04 03:00:00,254.0,inch_code
flotflux,hourly,2025-11-07 20:00:00,254.0,inch_code
flotflux,hourly,2025-11-08 03:00:00,254.0,inch_code
flotflux,hourly,2025-11-13 01:00:00,254.0,inch_code
flotflux,hourly,2025-11-13 04:00:00,254.0,inch_code
flotflux,hourly,2025-11-13 14:00:00,254.0,inch_code
flotflux,hourly,2025-11-17 09:00:00,254.0,inch_code
flotflux,hourly,2025-11-17 13:00:00,254.0,inch_code
flotflux,hourly,2025-11-17 15:00:00,254.0,inch_code
flotflux,hourly,2025-11-17 16:00:00,254.0,inch_code
flotflux,hourly,2025-11-18 15:00:00,254.0,inch_code
flotflux,hourly,2025-11-18 20:00:00,254.0,inch_code
flotflux,hourly,2025-11-23 03:00:00,254.0,inch_code
flotflux,hourly,2025-11-23 06:00:00,254.0,inch_code
flotflux,hourly,2025-11-23 08:00:00,254.0,inch_code
flotflux,hourly,2025-11-23 22:00:00,254.0,inch_code
flotflux,hourly,2025-11-23 23:00:00,254.0,inch_code
flotflux,hourly,2025-11-24 06:00:00,254.0,inch_code
flotflux,hourly,2025-11-24 10:00:00,254.0,inch_code
flotflux,hourly,2025-11-24 13:00:00,254.0,inch_code
flotflux,hourly,2025-11-24 18:00:00,254.0,inch_code
flotflux,hourly,2025-11-24 23:00:00,254.0,inch_code
flotflux,hourly,2025-11-25 01:00:00,254.0,inch_code
flotflux,hourly,2025-11-28 20:00:00,254.0,inch_code
flotflux,hourly,2025-11-30 02:00:00,254.0,inch_code
flotflux,hourly,2025-11-30 04:00:00,254.0,inch_code
flotflux,hourly,2025-12-01 01:00:00,254.0,inch_code
flotflux,hourly,2025-12-01 06:00:00,254.0,inch_code
flotflux,hourly,2025-12-01 08:00:00,254.0,inch_code
flotflux,hourly,2025-12-01 14:00:00,254.0,inch_code
flotflux,hourly,2025-12-02 00:00:00,254.0,inch_code
flotflux,hourly,2025-12-09 00:00:00,254.0,inch_code
flotflux,hourly,2025-12-09 06:00:00,254.0,inch_code
flotflux,hourly,2025-12-09 12:00:00,254.0,inch_code
flotflux,hourly,2025-12-09 17:00:00,254.0,inch_code
flotflux,hourly,2025-12-12 19:00:00,254.0,inch_code
flotflux,hourly,2026-01-01 03:00:00,254.0,inch_code
flotflux,hourly,2026-01-01 14:00:00,254.0,inch_code
flotflux,hourly,2026-01-02 13:00:00,254.0,inch_code
flotflux,hourly,2026-01-05 23:00:00,254.0,inch_code
flotflux,hourly,2026-01-13 19:00:00,254.0,inch_code
flotflux,hourly,2026-01-14 12:00:00,254.0,inch_code
flotflux,hourly,2026-01-14 13:00:00,254.0,inch_code
flotflux,hourly,2026-01-14 14:00:00,254.0,inch_code
flotflux,hourly,2026-01-17 15:00:00,254.0,inch_code
flotflux,hourly,2026-01-18 23:00:00,254.0,inch_code
flotflux,hourly,2026-01-19 01:00:00,254.0,inch_code
flotflux,hourly,2026-01-19 02:00:00,254.0,inch_code
flotflux,hourly,2026-01-21 06:00:00,254.0,inch_code
flotflux,hourly,2026-01-22 15:00:00,254.0,inch_code
flotflux,hourly,2026-01-23 07:00:00,254.0,inch_code
flotflux,hourly,2026-01-23 08:00:00,254.0,inch_code
flotflux,hourly,2026-01-24 07:00:00,254.0,inch_code
flotflux,hourly,2026-01-29 12:00:00,254.0,inch_code
flotflux,hourly,2026-01-29 17:00:00,254.0,inch_code
flotflux,hourly,2026-01-29 22:00:00,254.0,inch_code
flotflux,hourly,2026-02-01 21:00:00,254.0,inch_code
flotflux,hourly,2026-02-02 14:00:00,254.0,inch_code
flotflux,hourly,2026-02-02 17:00:00,254.0,inch_code
flotflux,hourly,2026-02-03 05:00:00,254.0,inch_code
flotflux,hourly,2026-02-03 23:00:00,254.0,inch_code
flotflux,hourly,2026-02-05 01:00:00,254.0,inch_code
flotflux,hourly,2026-02-05 05:00:00,254.0,inch_code
flotflux,hourly,2026-02-08 00:00:00,254.0,inch_code
flotflux,hourly,2026-02-08 03:00:00,254.0,inch_code
flotflux,hourly,2026-02-09 10:00:00,254.0,inch_code
flotflux,hourly,2026-02-13 03:00:00,254.0,inch_code
flotflux,hourly,2026-02-14 04:00:00,254.0,inch_code
flotflux,hourly,2026-02-14 20:00:00,254.0,inch_code
flotflux,hourly,2026-02-17 23:00:00,254.0,inch_code
flotflux,hourly,2026-02-21 14:00:00,254.0,inch_code
flotflux,hourly,2026-02-22 04:00:00,254.0,inch_code
flotflux,hourly,2026-02-22 06:00:00,254.0,inch_code
flotflux,hourly,2026-02-22 07:00:00,254.0,inch_code
flotflux,hourly,2026-02-23 10:00:00,254.0,inch_code
flotflux,hourly,2026-02-23 22:00:00,254.0,inch_code
flotflux,hourly,2026-02-23 23:00:00,254.0,inch_code
flotflux,hourly,2026-02-24 01:00:00,254.0,inch_code
flotflux,hourly,2026-02-24 19:00:00,254.0,inch_code
flotflux,hourly,2026-02-25 23:00:00,254.0,inch_code
flotflux,hourly,2026-02-26 00:00:00,254.0,inch_code
flotflux,hourly,2026-02-26 02:00:00,254.0,inch_code
flotflux,hourly,2026-02-28 16:00:00,254.0,inch_code
flotflux,hourly,2026-03-02 02:00:00,254.0,inch_code
flotflux,hourly,2026-03-02 03:00:00,254.0,inch_code
flotflux,hourly,2026-03-08 00:00:00,254.0,inch_code
flotflux,hourly,2026-03-09 05:00:00,254.0,inch_code
flotflux,hourly,2026-03-09 13:00:00,254.0,inch_code
flotflux,hourly,2026-03-10 03:00:00,254.0,inch_code
flotflux,hourly,2026-03-10 13:00:00,254.0,inch_code
flotflux,hourly,2026-03-10 15:00:00,254.0,inch_code
flotflux,hourly,2026-03-11 01:00:00,254.0,inch_code
flotflux,hourly,2026-03-11 05:00:00,254.0,inch_code
flotflux,hourly,2026-03-11 09:00:00,254.0,inch_code
flotflux,hourly,2026-03-11 10:00:00,254.0,inch_code
flotflux,hourly,2026-03-12 01:00:00,254.0,inch_code
flotflux,hourly,2026-03-12 06:00:00,254.0,inch_code
flotflux,hourly,2026-03-12 11:00:00,254.0,inch_code
flotflux,hourly,2026-03-12 13:00:00,254.0,inch_code
flotflux,hourly,2026-03-13 11:00:00,254.0,inch_code
flotflux,hourly,2026-03-20 04:00:00,254.0,inch_code
flotflux,hourly,2026-03-22 08:00:00,254.0,inch_code
flotflux,hourly,2026-03-22 17:00:00,254.0,inch_code
flotflux,hourly,2026-03-23 10:00:00,254.0,inch_code
flotflux,hourly,2026-04-03 01:00:00,254.0,inch_code
flotflux,hourly,2026-04-03 16:00:00,254.0,inch_code
flotflux,hourly,2026-04-06 13:00:00,254.0,inch_code
flotflux,hourly,2026-04-06 20:00:00,254.0,inch_code
flotflux,hourly,2026-04-07 01:00:00,254.0,inch_code
flotflux,hourly,2026-04-08 10:00:00,254.0,inch_code
flotflux,hourly,2026-04-10 23:00:00,254.0,inch_code
flotflux,hourly,2026-04-11 00:00:00,254.0,inch_code
flotflux,hourly,2026-04-11 02:00:00,254.0,inch_code
flotflux,hourly,2026-04-11 03:00:00,254.0,inch_code
flotflux,hourly,2026-04-11 04:00:00,254.0,inch_code
flotflux,hourly,2026-04-11 23:00:00,254.0,inch_code
flotflux,hourly,2026-04-14 07:00:00,254.0,inch_code
flotflux,hourly,2026-04-15 04:00:00,254.0,inch_code
flotflux,hourly,2026-04-15 08:00:00,254.0,inch_code
flotflux,hourly,2026-04-15 14:00:00,254.0,inch_code
iateclube,daily,2025-05-29,254.0,inch_code
iateclube,daily,2025-06-22,254.0,inch_code
iateclube,daily,2025-07-02,254.0,inch_code
iateclube,daily,2025-07-29,254.0,inch_code
iateclube,daily,2025-08-05,254.0,inch_code
iateclube,daily,2025-08-10,254.0,inch_code
iateclube,daily,2025-10-05,254.0,inch_code
iateclube,daily,2025-10-23,254.0,inch_code
iateclube,daily,2025-11-02,254.0,inch_code
iateclube,daily,2025-11-05,254.0,inch_code
iateclube,daily,2025-11-06,254.0,inch_code
iateclube,daily,2025-11-20,254.0,inch_code
iateclube,daily,2025-11-27,254.0,inch_code
iateclube,daily,2025-12-01,254.0,inch_code
iateclube,daily,2025-12-04,254.0,inch_code
iateclube,daily,2026-01-22,254.0,inch_code
iateclube,daily,2026-01-24,254.0,inch_code
iateclube,daily,2026-01-31,254.0,inch_code
iateclube,daily,2026-03-02,254.0,inch_code
iateclube,daily,2026-03-14,254.0,inch_code
iateclube,daily,2026-03-24,254.0,inch_code
iateclube,daily,2026-04-02,254.0,inch_code
iateclube,daily,2026-04-15,254.0,inch_code
iateclube,hourly,2019-03-01 15:00:00,142.5,gap_dump
iateclube,hourly,2025-05-22 18:00:00,254.0,inch_code
iateclube,hourly,2025-05-22 19:00:00,254.0,inch_code
iateclube,hourly,2025-05-22 22:00:00,254.0,inch_code
iateclube,hourly,2025-05-23 00:00:00,254.0,inch_code
iateclube,hourly,2025-05-23 01:00:00,254.0,inch_code
iateclube,hourly,2025-05-23 10:00:00,254.0,inch_code
iateclube,hourly,2025-05-23 11:00:00,254.0,inch_code
iateclube,hourly,2025-05-23 13:00:00,254.0,inch_code
iateclube,hourly,2025-05-23 14:00:00,254.0,inch_code
iateclube,hourly,2025-05-23 16:00:00,254.0,inch_code
iateclube,hourly,2025-05-23 19:00:00,254.0,inch_code
iateclube,hourly,2025-05-23 23:00:00,254.0,inch_code
iateclube,hourly,2025-05-24 02:00:00,254.0,inch_code
iateclube,hourly,2025-05-24 11:00:00,254.0,inch_code
iateclube,hourly,2025-05-24 15:00:00,254.0,inch_code
iateclube,hourly,2025-05-24 21:00:00,254.0,inch_code
iateclube,hourly,2025-05-25 05:00:00,254.0,inch_code
iateclube,hourly,2025-05-28 11:00:00,254.0,inch_code
iateclube,hourly,2025-06-03 07:00:00,254.0,inch_code
iateclube,hourly,2025-06-03 11:00:00,254.0,inch_code
iateclube,hourly,2025-06-05 01:00:00,254.0,inch_code
iateclube,hourly,2025-06-05 02:00:00,254.0,inch_code
iateclube,hourly,2025-06-05 06:00:00,254.0,inch_code
iateclube,hourly,2025-06-05 12:00:00,254.0,inch_code
iateclube,hourly,2025-06-05 17:00:00,254.0,inch_code
iateclube,hourly,2025-06-07 05:00:00,254.0,inch_code
iateclube,hourly,2025-06-07 19:00:00,254.0,inch_code
iateclube,hourly,2025-06-08 05:00:00,254.0,inch_code
iateclube,hourly,2025-06-08 06:00:00,254.0,inch_code
iateclube,hourly,2025-06-09 16:00:00,254.0,inch_code
iateclube,hourly,2025-06-09 17:00:00,254.0,inch_code
iateclube,hourly,2025-06-10 00:00:00,254.0,inch_code
iateclube,hourly,2025-06-12 22:00:00,254.0,inch_code
iateclube,hourly,2025-06-13 01:00:00,254.0,inch_code
iateclube,hourly,2025-06-13 11:00:00,254.0,inch_code
iateclube,hourly,2025-06-13 14:00:00,254.0,inch_code
iateclube,hourly,2025-06-13 23:00:00,254.0,inch_code
iateclube,hourly,2025-06-14 03:00:00,254.0,inch_code
iateclube,hourly,2025-06-14 05:00:00,254.0,inch_code
iateclube,hourly,2025-06-14 11:00:00,254.0,inch_code
iateclube,hourly,2025-06-15 07:00:00,254.0,inch_code
iateclube,hourly,2025-06-15 10:00:00,254.0,inch_code
iateclube,hourly,2025-06-20 17:00:00,254.0,inch_code
iateclube,hourly,2025-06-21 02:00:00,254.0,inch_code
iateclube,hourly,2025-06-22 03:00:00,254.0,inch_code
iateclube,hourly,2025-06-22 14:00:00,254.0,inch_code
iateclube,hourly,2025-06-23 06:00:00,254.0,inch_code
iateclube,hourly,2025-06-23 12:00:00,254.0,inch_code
iateclube,hourly,2025-06-23 14:00:00,254.0,inch_code
iateclube,hourly,2025-06-26 04:00:00,254.0,inch_code
iateclube,hourly,2025-06-26 07:00:00,254.0,inch_code
iateclube,hourly,2025-06-26 09:00:00,254.0,inch_code
iateclube,hourly,2025-06-27 00:00:00,254.0,inch_code
iateclube,hourly,2025-06-28 04:00:00,254.0,inch_code
iateclube,hourly,2025-06-28 10:00:00,254.0,inch_code
iateclube,hourly,2025-06-28 13:00:00,254.0,inch_code
iateclube,hourly,2025-06-29 13:00:00,254.0,inch_code
iateclube,hourly,2025-06-30 09:00:00,254.0,inch_code
iateclube,hourly,2025-07-01 04:00:00,254.0,inch_code
iateclube,hourly,2025-07-02 05:00:00,254.0,inch_code
iateclube,hourly,2025-07-02 10:00:00,254.0,inch_code
iateclube,hourly,2025-07-04 04:00:00,254.0,inch_code
iateclube,hourly,2025-07-04 08:00:00,254.0,inch_code
iateclube,hourly,2025-07-05 08:00:00,254.0,inch_code
iateclube,hourly,2025-07-24 08:00:00,254.0,inch_code
iateclube,hourly,2025-07-24 10:00:00,254.0,inch_code
iateclube,hourly,2025-07-24 17:00:00,254.0,inch_code
iateclube,hourly,2025-07-25 00:00:00,254.0,inch_code
iateclube,hourly,2025-07-25 02:00:00,254.0,inch_code
iateclube,hourly,2025-07-25 03:00:00,254.0,inch_code
iateclube,hourly,2025-07-25 04:00:00,254.0,inch_code
iateclube,hourly,2025-07-25 05:00:00,254.0,inch_code
iateclube,hourly,2025-07-28 01:00:00,254.0,inch_code
iateclube,hourly,2025-08-04 10:00:00,254.0,inch_code
iateclube,hourly,2025-08-05 13:00:00,254.0,inch_code
iateclube,hourly,2025-08-06 08:00:00,254.0,inch_code
iateclube,hourly,2025-08-06 09:00:00,254.0,inch_code
iateclube,hourly,2025-08-08 08:00:00,254.0,inch_code
iateclube,hourly,2025-08-08 12:00:00,254.0,inch_code
iateclube,hourly,2025-08-08 14:00:00,254.0,inch_code
iateclube,hourly,2025-08-08 18:00:00,254.0,inch_code
iateclube,hourly,2025-08-09 03:00:00,254.0,inch_code
iateclube,hourly,2025-08-15 14:00:00,254.0,inch_code
iateclube,hourly,2025-08-15 15:00:00,254.0,inch_code
iateclube,hourly,2025-08-15 16:00:00,254.0,inch_code
iateclube,hourly,2025-08-15 17:00:00,254.0,inch_code
iateclube,hourly,2025-08-16 01:00:00,254.0,inch_code
iateclube,hourly,2025-08-16 06:00:00,254.0,inch_code
iateclube,hourly,2025-08-20 09:00:00,254.0,inch_code
iateclube,hourly,2025-08-20 10:00:00,254.0,inch_code
iateclube,hourly,2025-08-24 15:00:00,254.0,inch_code
iateclube,hourly,2025-08-24 18:00:00,254.0,inch_code
iateclube,hourly,2025-08-24 19:00:00,254.0,inch_code
iateclube,hourly,2025-08-25 02:00:00,254.0,inch_code
iateclube,hourly,2025-08-25 04:00:00,254.0,inch_code
iateclube,hourly,2025-08-26 08:00:00,254.0,inch_code
iateclube,hourly,2025-08-26 19:00:00,254.0,inch_code
iateclube,hourly,2025-08-27 01:00:00,254.0,inch_code
iateclube,hourly,2025-08-27 13:00:00,254.0,inch_code
iateclube,hourly,2025-08-27 14:00:00,254.0,inch_code
iateclube,hourly,2025-08-27 15:00:00,254.0,inch_code
iateclube,hourly,2025-08-27 16:00:00,254.0,inch_code
iateclube,hourly,2025-08-27 19:00:00,254.0,inch_code
iateclube,hourly,2025-08-28 02:00:00,254.0,inch_code
iateclube,hourly,2025-08-28 06:00:00,254.0,inch_code
iateclube,hourly,2025-08-28 08:00:00,254.0,inch_code
iateclube,hourly,2025-08-30 23:00:00,254.0,inch_code
iateclube,hourly,2025-08-31 00:00:00,254.0,inch_code
iateclube,hourly,2025-08-31 01:00:00,254.0,inch_code
iateclube,hourly,2025-08-31 04:00:00,254.0,inch_code
iateclube,hourly,2025-08-31 12:00:00,254.0,inch_code
iateclube,hourly,2025-08-31 15:00:00,254.0,inch_code
iateclube,hourly,2025-08-31 20:00:00,254.0,inch_code
iateclube,hourly,2025-09-01 11:00:00,254.0,inch_code
iateclube,hourly,2025-09-01 22:00:00,254.0,inch_code
iateclube,hourly,2025-09-02 01:00:00,254.0,inch_code
iateclube,hourly,2025-09-02 03:00:00,254.0,inch_code
iateclube,hourly,2025-09-02 04:00:00,254.0,inch_code
iateclube,hourly,2025-09-02 11:00:00,254.0,inch_code
iateclube,hourly,2025-09-03 01:00:00,254.0,inch_code
iateclube,hourly,2025-09-03 05:00:00,254.0,inch_code
iateclube,hourly,2025-09-05 06:00:00,254.0,inch_code
iateclube,hourly,2025-09-05 10:00:00,254.0,inch_code
iateclube,hourly,2025-09-05 12:00:00,254.0,inch_code
iateclube,hourly,2025-09-05 16:00:00,254.0,inch_code
iateclube,hourly,2025-09-06 18:00:00,254.0,inch_code
iateclube,hourly,2025-09-07 01:00:00,254.0,inch_code
iateclube,hourly,2025-09-07 04:00:00,254.0,inch_code
iateclube,hourly,2025-09-07 10:00:00,254.0,inch_code
iateclube,hourly,2025-09-07 12:00:00,254.0,inch_code
iateclube,hourly,2025-09-07 14:00:00,254.0,inch_code
iateclube,hourly,2025-09-07 19:00:00,254.0,inch_code
iateclube,hourly,2025-09-07 21:00:00,254.0,inch_code
iateclube,hourly,2025-09-08 00:00:00,254.0,inch_code
iateclube,hourly,2025-09-08 03:00:00,254.0,inch_code
iateclube,hourly,2025-09-08 05:00:00,254.0,inch_code
iateclube,hourly,2025-09-08 06:00:00,254.0,inch_code
iateclube,hourly,2025-09-08 09:00:00,254.0,inch_code
iateclube,hourly,2025-09-08 10:00:00,254.0,inch_code
iateclube,hourly,2025-09-08 13:00:00,254.0,inch_code
iateclube,hourly,2025-09-09 07:00:00,254.0,inch_code
iateclube,hourly,2025-09-09 08:00:00,254.0,inch_code
iateclube,hourly,2025-09-16 02:00:00,254.0,inch_code
iateclube,hourly,2025-09-16 06:00:00,254.0,inch_code
iateclube,hourly,2025-09-18 03:00:00,254.0,inch_code
iateclube,hourly,2025-09-21 17:00:00,254.0,inch_code
iateclube,hourly,2025-09-22 01:00:00,254.0,inch_code
iateclube,hourly,2025-09-26 00:00:00,254.0,inch_code
iateclube,hourly,2025-09-26 02:00:00,254.0,inch_code
iateclube,hourly,2025-09-26 03:00:00,254.0,inch_code
iateclube,hourly,2025-09-26 04:00:00,254.0,inch_code
iateclube,hourly,2025-09-27 07:00:00,254.0,inch_code
iateclube,hourly,2025-09-27 08:00:00,254.0,inch_code
iateclube,hourly,2025-09-27 09:00:00,254.0,inch_code
iateclube,hourly,2025-09-27 10:00:00,254.0,inch_code
iateclube,hourly,2025-09-28 14:00:00,254.0,inch_code
iateclube,hourly,2025-10-02 07:00:00,254.0,inch_code
iateclube,hourly,2025-10-02 14:00:00,254.0,inch_code
iateclube,hourly,2025-10-02 17:00:00,254.0,inch_code
iateclube,hourly,2025-10-02 19:00:00,254.0,inch_code
iateclube,hourly,2025-10-02 22:00:00,254.0,inch_code
iateclube,hourly,2025-10-03 04:00:00,254.0,inch_code
iateclube,hourly,2025-10-03 05:00:00,254.0,inch_code
iateclube,hourly,2025-10-03 06:00:00,254.0,inch_code
iateclube,hourly,2025-10-03 09:00:00,254.0,inch_code
iateclube,hourly,2025-10-03 11:00:00,254.0,inch_code
iateclube,hourly,2025-10-03 12:00:00,254.0,inch_code
iateclube,hourly,2025-10-03 23:00:00,254.0,inch_code
iateclube,hourly,2025-10-04 00:00:00,254.0,inch_code
iateclube,hourly,2025-10-04 16:00:00,254.0,inch_code
iateclube,hourly,2025-10-06 08:00:00,254.0,inch_code
iateclube,hourly,2025-10-06 22:00:00,254.0,inch_code
iateclube,hourly,2025-10-07 01:00:00,254.0,inch_code
iateclube,hourly,2025-10-07 03:00:00,254.0,inch_code
iateclube,hourly,2025-10-07 05:00:00,254.0,inch_code
iateclube,hourly,2025-10-07 10:00:00,254.0,inch_code
iateclube,hourly,2025-10-07 18:00:00,254.0,inch_code
iateclube,hourly,2025-10-08 01:00:00,254.0,inch_code
iateclube,hourly,2025-10-08 04:00:00,254.0,inch_code
iateclube,hourly,2025-10-09 00:00:00,254.0,inch_code
iateclube,hourly,2025-10-09 03:00:00,254.0,inch_code
iateclube,hourly,2025-10-09 05:00:00,254.0,inch_code
iateclube,hourly,2025-10-09 21:00:00,254.0,inch_code
iateclube,hourly,2025-10-10 01:00:00,254.0,inch_code
iateclube,hourly,2025-10-10 05:00:00,254.0,inch_code
iateclube,hourly,2025-10-10 07:00:00,254.0,inch_code
iateclube,hourly,2025-10-10 08:00:00,254.0,inch_code
iateclube,hourly,2025-10-10 21:00:00,254.0,inch_code
iateclube,hourly,2025-10-10 23:00:00,254.0,inch_code
iateclube,hourly,2025-10-11 01:00:00,254.0,inch_code
iateclube,hourly,2025-10-11 03:00:00,254.0,inch_code
iateclube,hourly,2025-10-11 08:00:00,254.0,inch_code
iateclube,hourly,2025-10-12 21:00:00,254.0,inch_code
iateclube,hourly,2025-10-18 00:00:00,254.0,inch_code
iateclube,hourly,2025-10-18 03:00:00,254.0,inch_code
iateclube,hourly,2025-10-18 18:00:00,254.0,inch_code
iateclube,hourly,2025-10-18 20:00:00,254.0,inch_code
iateclube,hourly,2025-10-20 09:00:00,254.0,inch_code
iateclube,hourly,2025-10-21 23:00:00,254.0,inch_code
iateclube,hourly,2025-10-22 00:00:00,254.0,inch_code
iateclube,hourly,2025-10-22 12:00:00,254.0,inch_code
iateclube,hourly,2025-10-23 02:00:00,254.0,inch_code
iateclube,hourly,2025-10-23 05:00:00,254.0,inch_code
iateclube,hourly,2025-10-23 12:00:00,254.0,inch_code
iateclube,hourly,2025-10-27 02:00:00,254.0,inch_code
iateclube,hourly,2025-10-27 04:00:00,254.0,inch_code
iateclube,hourly,2025-10-27 13:00:00,254.0,inch_code
iateclube,hourly,2025-10-27 14:00:00,254.0,inch_code
iateclube,hourly,2025-10-28 03:00:00,254.0,inch_code
iateclube,hourly,2025-10-28 05:00:00,254.0,inch_code
iateclube,hourly,2025-10-28 13:00:00,254.0,inch_code
iateclube,hourly,2025-10-28 14:00:00,254.0,inch_code
iateclube,hourly,2025-10-28 20:00:00,254.0,inch_code
iateclube,hourly,2025-10-29 08:00:00,254.0,inch_code
iateclube,hourly,2025-10-30 05:00:00,254.0,inch_code
iateclube,hourly,2025-10-31 03:00:00,254.0,inch_code
iateclube,hourly,2025-11-01 01:00:00,254.0,inch_code
iateclube,hourly,2025-11-02 02:00:00,254.0,inch_code
iateclube,hourly,2025-11-02 07:00:00,254.0,inch_code
iateclube,hourly,2025-11-04 02:00:00,254.0,inch_code
iateclube,hourly,2025-11-05 04:00:00,254.0,inch_code
iateclube,hourly,2025-11-08 04:00:00,254.0,inch_code
iateclube,hourly,2025-11-13 01:00:00,254.0,inch_code
iateclube,hourly,2025-11-13 02:00:00,254.0,inch_code
iateclube,hourly,2025-11-17 02:00:00,254.0,inch_code
iateclube,hourly,2025-11-17 07:00:00,254.0,inch_code
iateclube,hourly,2025-11-17 08:00:00,254.0,inch_code
iateclube,hourly,2025-11-17 09:00:00,254.0,inch_code
iateclube,hourly,2025-11-17 13:00:00,254.0,inch_code
iateclube,hourly,2025-11-17 19:00:00,254.0,inch_code
iateclube,hourly,2025-11-18 01:00:00,254.0,inch_code
iateclube,hourly,2025-11-18 15:00:00,254.0,inch_code
iateclube,hourly,2025-11-19 09:00:00,254.0,inch_code
iateclube,hourly,2025-11-23 02:00:00,254.0,inch_code
iateclube,hourly,2025-11-23 05:00:00,254.0,inch_code
iateclube,hourly,2025-11-23 07:00:00,254.0,inch_code
iateclube,hourly,2025-11-23 17:00:00,254.0,inch_code
iateclube,hourly,2025-11-23 22:00:00,254.0,inch_code
iateclube,hourly,2025-11-23 23:00:00,254.0,inch_code
iateclube,hourly,2025-11-24 11:00:00,254.0,inch_code
iateclube,hourly,2025-11-24 20:00:00,254.0,inch_code
iateclube,hourly,2025-11-24 23:00:00,254.0,inch_code
iateclube,hourly,2025-11-26 06:00:00,254.0,inch_code
iateclube,hourly,2025-11-28 22:00:00,254.0,inch_code
iateclube,hourly,2025-11-30 23:00:00,254.0,inch_code
iateclube,hourly,2025-12-01 01:00:00,254.0,inch_code
iateclube,hourly,2025-12-01 03:00:00,254.0,inch_code
iateclube,hourly,2025-12-01 07:00:00,254.0,inch_code
iateclube,hourly,2025-12-02 01:00:00,254.0,inch_code
iateclube,hourly,2025-12-02 03:00:00,254.0,inch_code
iateclube,hourly,2025-12-02 07:00:00,254.0,inch_code
iateclube,hourly,2025-12-02 21:00:00,254.0,inch_code
iateclube,hourly,2025-12-03 09:00:00,254.0,inch_code
iateclube,hourly,2025-12-08 21:00:00,254.0,inch_code
iateclube,hourly,2025-12-09 00:00:00,254.0,inch_code
iateclube,hourly,2025-12-09 11:00:00,254.0,inch_code
iateclube,hourly,2025-12-09 17:00:00,254.0,inch_code
iateclube,hourly,2025-12-12 19:00:00,254.0,inch_code
iateclube,hourly,2025-12-12 22:00:00,254.0,inch_code
iateclube,hourly,2026-01-01 00:00:00,254.0,inch_code
iateclube,hourly,2026-01-10 20:00:00,254.0,inch_code
iateclube,hourly,2026-01-11 00:00:00,254.0,inch_code
iateclube,hourly,2026-01-12 10:00:00,254.0,inch_code
iateclube,hourly,2026-01-12 15:00:00,254.0,inch_code
iateclube,hourly,2026-01-13 08:00:00,254.0,inch_code
iateclube,hourly,2026-01-18 03:00:00,254.0,inch_code
iateclube,hourly,2026-01-18 22:00:00,254.0,inch_code
iateclube,hourly,2026-01-19 03:00:00,254.0,inch_code
iateclube,hourly,2026-01-21 13:00:00,254.0,inch_code
iateclube,hourly,2026-01-23 07:00:00,254.0,inch_code
iateclube,hourly,2026-01-29 13:00:00,254.0,inch_code
iateclube,hourly,2026-01-29 17:00:00,254.0,inch_code
iateclube,hourly,2026-01-29 22:00:00,254.0,inch_code
iateclube,hourly,2026-01-30 01:00:00,254.0,inch_code
iateclube,hourly,2026-01-31 22:00:00,254.0,inch_code
iateclube,hourly,2026-02-01 01:00:00,254.0,inch_code
iateclube,hourly,2026-02-03 06:00:00,254.0,inch_code
iateclube,hourly,2026-02-04 16:00:00,254.0,inch_code
iateclube,hourly,2026-02-08 08:00:00,254.0,inch_code
iateclube,hourly,2026-02-08 21:00:00,254.0,inch_code
iateclube,hourly,2026-02-14 20:00:00,254.0,inch_code
iateclube,hourly,2026-02-18 04:00:00,254.0,inch_code
iateclube,hourly,2026-02-19 03:00:00,254.0,inch_code
iateclube,hourly,2026-02-21 01:00:00,254.0,inch_code
iateclube,hourly,2026-02-21 09:00:00,254.0,inch_code
iateclube,hourly,2026-02-23 06:00:00,254.0,inch_code
iateclube,hourly,2026-02-24 02:00:00,254.0,inch_code
iateclube,hourly,2026-02-25 01:00:00,254.0,inch_code
iateclube,hourly,2026-02-26 00:00:00,254.0,inch_code
iateclube,hourly,2026-02-28 06:00:00,254.0,inch_code
iateclube,hourly,2026-02-28 08:00:00,254.0,inch_code
iateclube,hourly,2026-02-28 09:00:00,254.0,inch_code
iateclube,hourly,2026-03-01 23:00:00,254.0,inch_code
iateclube,hourly,2026-03-02 02:00:00,254.0,inch_code
iateclube,hourly,2026-03-02 06:00:00,254.0,inch_code
iateclube,hourly,2026-03-09 05:00:00,254.0,inch_code
iateclube,hourly,2026-03-09 11:00:00,254.0,inch_code
iateclube,hourly,2026-03-09 20:00:00,254.0,inch_code
iateclube,hourly,2026-03-10 01:00:00,254.0,inch_code
iateclube,hourly,2026-03-10 05:00:00,254.0,inch_code
iateclube,hourly,2026-03-10 06:00:00,254.0,inch_code
iateclube,hourly,2026-03-10 12:00:00,254.0,inch_code
iateclube,hourly,2026-03-10 13:00:00,254.0,inch_code
iateclube,hourly,2026-03-10 19:00:00,254.0,inch_code
iateclube,hourly,2026-03-11 05:00:00,254.0,inch_code
iateclube,hourly,2026-03-11 07:00:00,254.0,inch_code
iateclube,hourly,2026-03-11 23:00:00,254.0,inch_code
iateclube,hourly,2026-03-12 00:00:00,254.0,inch_code
iateclube,hourly,2026-03-12 01:00:00,254.0,inch_code
iateclube,hourly,2026-03-12 11:00:00,254.0,inch_code
iateclube,hourly,2026-03-12 12:00:00,254.0,inch_code
iateclube,hourly,2026-03-13 11:00:00,254.0,inch_code
iateclube,hourly,2026-03-22 07:00:00,254.0,inch_code
iateclube,hourly,2026-03-22 19:00:00,254.0,inch_code
iateclube,hourly,2026-03-22 21:00:00,254.0,inch_code
iateclube,hourly,2026-03-23 01:00:00,254.0,inch_code
iateclube,hourly,2026-03-30 23:00:00,254.0,inch_code
iateclube,hourly,2026-03-31 00:00:00,254.0,inch_code
iateclube,hourly,2026-03-31 05:00:00,254.0,inch_code
iateclube,hourly,2026-03-31 06:00:00,254.0,inch_code
iateclube,hourly,2026-04-01 11:00:00,254.0,inch_code
iateclube,hourly,2026-04-05 01:00:00,254.0,inch_code
iateclube,hourly,2026-04-05 12:00:00,254.0,inch_code
iateclube,hourly,2026-04-06 09:00:00,254.0,inch_code
iateclube,hourly,2026-04-06 13:00:00,254.0,inch_code
iateclube,hourly,2026-04-06 14:00:00,254.0,inch_code
iateclube,hourly,2026-04-06 19:00:00,254.0,inch_code
iateclube,hourly,2026-04-06 20:00:00,254.0,inch_code
iateclube,hourly,2026-04-07 01:00:00,254.0,inch_code
iateclube,hourly,2026-04-07 03:00:00,254.0,inch_code
iateclube,hourly,2026-04-11 04:00:00,254.0,inch_code
iateclube,hourly,2026-04-11 05:00:00,254.0,inch_code
iateclube,hourly,2026-04-11 18:00:00,254.0,inch_code
iateclube,hourly,2026-04-11 21:00:00,254.0,inch_code
iateclube,hourly,2026-04-11 22:00:00,254.0,inch_code
iateclube,hourly,2026-04-12 02:00:00,254.0,inch_code
iateclube,hourly,2026-04-12 08:00:00,254.0,inch_code
iateclube,hourly,2026-04-12 09:00:00,254.0,inch_code
iateclube,hourly,2026-04-14 07:00:00,254.0,inch_code
iateclube,hourly,2026-04-15 04:00:00,254.0,inch_code
iateclube,hourly,2026-04-15 06:00:00,254.0,inch_code
iateclube,hourly,2026-04-15 07:00:00,254.0,inch_code
jardimparaiso,daily,2025-07-24,254.0,inch_code
jardimparaiso,daily,2025-07-25,254.0,inch_code
jardimparaiso,daily,2025-08-17,254.0,inch_code
jardimparaiso,daily,2025-09-21,254.0,inch_code
jardimparaiso,daily,2025-09-23,254.0,inch_code
jardimparaiso,daily,2025-10-02,254.0,inch_code
jardimparaiso,daily,2025-10-11,254.0,inch_code
jardimparaiso,daily,2025-10-16,254.0,inch_code
jardimparaiso,daily,2025-10-20,254.0,inch_code
jardimparaiso,daily,2025-10-24,254.0,inch_code
jardimparaiso,daily,2025-11-19,254.0,inch_code
jardimparaiso,daily,2026-01-20,254.0,inch_code
jardimparaiso,daily,2026-02-05,254.0,inch_code
jardimparaiso,daily,2026-02-20,254.0,inch_code
jardimparaiso,daily,2026-03-30,254.0,inch_code
jardimparaiso,daily,2026-04-17,254.0,inch_code
jardimparaiso,daily,2026-04-19,254.0,inch_code
jardimparaiso,hourly,2025-07-21 23:00:00,254.0,inch_code
jardimparaiso,hourly,2025-07-22 00:00:00,254.0,inch_code
jardimparaiso,hourly,2025-07-22 05:00:00,254.0,inch_code
jardimparaiso,hourly,2025-07-22 08:00:00,254.0,inch_code
jardimparaiso,hourly,2025-07-23 17:00:00,254.0,inch_code
jardimparaiso,hourly,2025-07-25 00:00:00,254.0,inch_code
jardimparaiso,hourly,2025-08-16 03:00:00,254.0,inch_code
jardimparaiso,hourly,2025-09-20 18:00:00,254.0,inch_code
jardimparaiso,hourly,2025-09-22 06:00:00,254.0,inch_code
jardimparaiso,hourly,2025-09-25 17:00:00,254.0,inch_code
jardimparaiso,hourly,2025-10-01 13:00:00,254.0,inch_code
jardimparaiso,hourly,2025-10-04 07:00:00,254.0,inch_code
jardimparaiso,hourly,2025-10-04 09:00:00,254.0,inch_code
jardimparaiso,hourly,2025-10-04 22:00:00,254.0,inch_code
jardimparaiso,hourly,2025-10-05 07:00:00,254.0,inch_code
jardimparaiso,hourly,2025-10-06 00:00:00,254.0,inch_code
jardimparaiso,hourly,2025-10-10 18:00:00,254.0,inch_code
jardimparaiso,hourly,2025-10-14 01:00:00,254.0,inch_code
jardimparaiso,hourly,2025-10-14 03:00:00,254.0,inch_code
jardimparaiso,hourly,2025-10-15 14:00:00,254.0,inch_code
jardimparaiso,hourly,2025-10-16 20:00:00,254.0,inch_code
jardimparaiso,hourly,2025-10-19 02:00:00,254.0,inch_code
jardimparaiso,hourly,2025-10-23 21:00:00,254.0,inch_code
jardimparaiso,hourly,2025-11-08 06:00:00,254.0,inch_code
jardimparaiso,hourly,2025-11-18 08:00:00,254.0,inch_code
jardimparaiso,hourly,2026-01-19 23:00:00,254.0,inch_code
jardimparaiso,hourly,2026-02-04 14:00:00,254.0,inch_code
jardimparaiso,hourly,2026-02-19 13:00:00,254.0,inch_code
jardimparaiso,hourly,2026-03-25 07:00:00,254.0,inch_code
jardimparaiso,hourly,2026-03-26 18:00:00,254.0,inch_code
jardimparaiso,hourly,2026-03-29 03:00:00,254.0,inch_code
jardimparaiso,hourly,2026-04-16 23:00:00,254.0,inch_code
jardimparaiso,hourly,2026-04-18 12:00:00,254.0,inch_code
rodovia,hourly,2017-11-18 15:00:00,40.74,gap_dump
rodovia,hourly,2018-01-05 08:00:00,182.1,ceiling
rodovia,hourly,2018-02-15 10:00:00,398.9,ceiling
rodovia,hourly,2018-04-21 18:00:00,304.4,ceiling
rodovia,hourly,2022-08-09 15:00:00,254.0,inch_code
udesc,daily,2025-05-04,1606.8,ceiling
udesc,hourly,2025-05-04 14:00:00,961.8,ceiling
udesc,hourly,2025-05-04 23:00:00,1606.8,ceiling
