station,month,n
aguasdejoi,2012-04,3577
aguasdejoi,2012-05,8927
aguasdejoi,2012-06,8640
aguasdejoi,2012-07,8928
aguasdejoi,2012-08,8928
aguasdejoi,2012-09,8635
aguasdejoi,2012-10,8916
aguasdejoi,2012-11,8639
aguasdejoi,2012-12,8926
aguasdejoi,2013-01,8928
aguasdejoi,2013-02,8064
aguasdejoi,2013-03,8813
aguasdejoi,2013-04,8604
aguasdejoi,2013-05,8928
aguasdejoi,2013-06,8625
aguasdejoi,2013-07,8927
aguasdejoi,2013-08,8928
aguasdejoi,2013-09,8639
aguasdejoi,2013-10,8779
aguasdejoi,2013-11,8634
aguasdejoi,2013-12,8927
aguasdejoi,2014-01,752
aguasdejoi,2014-04,637
aguasdejoi,2014-05,8928
aguasdejoi,2014-06,484
aguasdejoi,2015-01,190
aguasdejoi,2015-09,4166
aguasdejoi,2015-10,8756
aguasdejoi,2015-11,8636
aguasdejoi,2015-12,8928
aguasdejoi,2016-01,8925
aguasdejoi,2016-02,8350
aguasdejoi,2016-03,8927
aguasdejoi,2016-04,8636
aguasdejoi,2016-05,8917
aguasdejoi,2016-06,8640
aguasdejoi,2016-07,8928
aguasdejoi,2016-08,8928
aguasdejoi,2016-09,8640
aguasdejoi,2016-10,8928
aguasdejoi,2016-11,172
aguasdejoi,2017-01,1996
aguasdejoi,2017-02,8064
aguasdejoi,2017-03,7670
aguasdejoi,2017-04,8640
aguasdejoi,2017-05,8928
aguasdejoi,2017-06,8640
aguasdejoi,2017-07,8928
aguasdejoi,2017-08,3220
aguasdejoi,2017-11,156
aguasdejoi,2017-12,8754
aguasdejoi,2018-01,7005
aguasdejoi,2018-07,5412
aguasdejoi,2018-08,3394
aguasdejoi,2019-03,6962
aguasdejoi,2019-04,8508
aguasdejoi,2019-05,8657
aguasdejoi,2019-06,8533
aguasdejoi,2019-07,8637
aguasdejoi,2019-08,8854
aguasdejoi,2019-09,8309
aguasdejoi,2019-10,1029
aguasdejoi,2020-02,2445
aguasdejoi,2020-06,63
aguasdejoi,2020-07,601
aguasdejoi,2020-09,1872
aguasdejoi,2021-08,3455
aguasdejoi,2021-09,7578
aguasdejoi,2021-10,6261
aguasdejoi,2021-11,8640
aguasdejoi,2021-12,5639
aguasdejoi,2022-01,1270
aguasdejoi,2022-02,7511
aguasdejoi,2022-03,8928
aguasdejoi,2022-04,8640
aguasdejoi,2022-05,8928
aguasdejoi,2022-06,7405
aguasdejoi,2022-07,8206
aguasdejoi,2022-08,7904
aguasdejoi,2022-09,7736
aguasdejoi,2022-10,6988
aguasdejoi,2022-11,7813
aguasdejoi,2022-12,7755
aguasdejoi,2023-01,8618
aguasdejoi,2023-02,7492
aguasdejoi,2023-03,8534
aguasdejoi,2023-04,7612
aguasdejoi,2023-05,7382
aguasdejoi,2023-06,6770
aguasdejoi,2023-07,4550
aguasdejoi,2023-08,7133
aguasdejoi,2023-09,8309
aguasdejoi,2023-10,6172
aguasdejoi,2023-11,7630
aguasdejoi,2023-12,8837
aguasdejoi,2024-01,8928
aguasdejoi,2024-02,8352
aguasdejoi,2024-03,8928
aguasdejoi,2024-04,8640
aguasdejoi,2024-05,8343
aguasdejoi,2024-06,8640
aguasdejoi,2024-07,6415
ceasa,2012-04,3569
ceasa,2012-05,8928
ceasa,2012-06,8640
ceasa,2012-07,8928
ceasa,2012-08,8927
ceasa,2012-09,8640
ceasa,2012-10,8279
ceasa,2012-11,8640
ceasa,2012-12,8928
ceasa,2013-01,8928
ceasa,2013-02,8061
ceasa,2013-03,8928
ceasa,2013-04,8640
ceasa,2013-05,8926
ceasa,2013-06,8639
ceasa,2013-07,8928
ceasa,2013-08,4543
ceasa,2013-09,8639
ceasa,2013-10,8915
ceasa,2013-11,8640
ceasa,2013-12,8928
ceasa,2014-01,8928
ceasa,2014-02,8064
ceasa,2014-03,8928
ceasa,2014-04,8638
ceasa,2014-05,8928
ceasa,2014-06,463
ceasa,2014-12,7977
ceasa,2015-01,8928
ceasa,2015-02,8063
ceasa,2015-03,8927
ceasa,2015-04,3161
ceasa,2016-03,4458
ceasa,2016-04,8495
ceasa,2016-05,8926
ceasa,2016-06,8639
ceasa,2016-07,8928
ceasa,2016-08,8928
ceasa,2016-09,8640
ceasa,2016-10,8916
ceasa,2016-11,8640
ceasa,2016-12,8928
ceasa,2017-01,8928
ceasa,2017-02,8064
ceasa,2017-03,8924
ceasa,2017-04,7203
ceasa,2017-05,8927
ceasa,2017-06,8640
ceasa,2017-07,8926
ceasa,2017-08,8928
ceasa,2017-09,8640
ceasa,2017-10,8915
ceasa,2017-11,8640
ceasa,2017-12,8928
ceasa,2018-01,8928
ceasa,2018-02,8064
ceasa,2018-03,8928
ceasa,2018-04,8640
ceasa,2018-05,8928
ceasa,2018-06,8640
ceasa,2018-07,7884
ceasa,2018-08,6243
ceasa,2018-09,8640
ceasa,2018-10,8928
ceasa,2018-11,8628
ceasa,2018-12,1580
ceasa,2019-11,7065
ceasa,2019-12,8928
ceasa,2020-01,8928
ceasa,2020-02,8352
ceasa,2020-03,8928
ceasa,2020-04,8640
ceasa,2020-05,8928
ceasa,2020-06,8640
ceasa,2020-07,8928
ceasa,2020-08,8927
ceasa,2020-09,8640
ceasa,2020-10,8928
ceasa,2020-11,4787
ceasa,2021-02,4855
ceasa,2021-08,3453
ceasa,2021-09,8638
ceasa,2021-10,7985
ceasa,2021-11,8640
ceasa,2021-12,8927
ceasa,2022-01,8928
ceasa,2022-02,8063
ceasa,2022-03,8928
ceasa,2022-04,8640
ceasa,2022-05,8928
ceasa,2022-06,6672
ceasa,2022-07,6725
ceasa,2022-08,6490
ceasa,2022-09,6131
ceasa,2022-10,5656
ceasa,2022-11,6898
ceasa,2022-12,5388
ceasa,2023-01,6968
ceasa,2023-02,5267
ceasa,2023-03,5617
ceasa,2023-04,4416
ceasa,2023-05,4248
ceasa,2023-06,3825
ceasa,2023-07,3133
ceasa,2023-08,3922
ceasa,2023-09,4626
ceasa,2023-10,3200
ceasa,2023-11,4884
ceasa,2023-12,5456
ceasa,2024-01,4127
ceasa,2024-02,3062
ceasa,2024-03,3715
ceasa,2024-04,4219
ceasa,2024-05,4515
ceasa,2024-06,4956
ceasa,2024-07,4334
ceasa,2024-08,5803
ceasa,2024-09,5436
ceasa,2024-10,6490
ceasa,2024-11,6867
ceasa,2024-12,7638
ceasa,2025-01,8780
ceasa,2025-02,8010
ceasa,2025-03,8928
ceasa,2025-04,8150
ceasa,2025-05,7681
ceasa,2025-06,5297
ceasa,2025-07,5305
ceasa,2025-08,5267
ceasa,2025-09,5357
ceasa,2025-10,5615
ceasa,2025-11,6637
ceasa,2025-12,8203
ceasa,2026-01,8884
ceasa,2026-02,7923
ceasa,2026-03,8266
ceasa,2026-04,6770
ceasa,2026-05,4621
ceasa,2026-06,4174
ceasa,2026-07,1620
cubatao,2012-04,3574
cubatao,2012-05,8928
cubatao,2012-06,8307
cubatao,2012-07,8926
cubatao,2012-08,8927
cubatao,2012-09,8595
cubatao,2012-10,8805
cubatao,2012-11,8620
cubatao,2012-12,8676
cubatao,2013-01,8534
cubatao,2013-02,7316
cubatao,2013-03,6934
cubatao,2013-04,8186
cubatao,2013-05,8357
cubatao,2013-06,8482
cubatao,2013-07,8131
cubatao,2013-08,8708
cubatao,2013-09,7403
cubatao,2013-10,6833
cubatao,2013-11,6552
cubatao,2013-12,5688
cubatao,2014-01,4355
cubatao,2014-02,5572
cubatao,2014-03,2201
cubatao,2014-04,2335
cubatao,2014-05,5338
cubatao,2014-06,4378
cubatao,2014-07,4998
cubatao,2014-08,6187
cubatao,2014-09,7026
cubatao,2014-10,4157
cubatao,2014-11,2119
cubatao,2014-12,3190
cubatao,2015-01,3053
cubatao,2015-02,1552
cubatao,2015-03,2978
cubatao,2015-04,2118
cubatao,2015-05,2345
cubatao,2015-06,3626
cubatao,2015-07,4047
cubatao,2015-08,4400
cubatao,2015-09,5705
cubatao,2015-10,2572
cubatao,2015-11,3749
cubatao,2015-12,995
cubatao,2016-01,2375
cubatao,2016-02,1061
cubatao,2016-04,695
cubatao,2016-05,5297
cubatao,2016-06,7010
cubatao,2016-07,6453
cubatao,2016-08,6636
cubatao,2016-09,6328
cubatao,2016-10,6087
cubatao,2016-11,6911
cubatao,2016-12,4267
cubatao,2017-01,4690
cubatao,2017-03,2918
cubatao,2017-04,1978
cubatao,2017-05,4089
cubatao,2017-06,5024
cubatao,2017-07,6746
cubatao,2017-08,7743
cubatao,2017-09,6020
cubatao,2017-10,5543
cubatao,2017-11,7102
cubatao,2017-12,8928
cubatao,2018-01,8917
cubatao,2018-02,174
cubatao,2018-04,3807
cubatao,2018-05,8927
cubatao,2018-06,8184
cubatao,2018-07,8928
cubatao,2018-08,8898
cubatao,2018-09,8612
cubatao,2018-10,8196
cubatao,2018-11,1251
cubatao,2018-12,8924
cubatao,2019-01,8923
cubatao,2019-02,2385
cubatao,2019-03,1800
cubatao,2019-04,7556
cubatao,2019-05,442
cubatao,2019-06,7031
cubatao,2019-07,8924
cubatao,2019-08,8927
cubatao,2019-09,8640
cubatao,2019-10,2162
cubatao,2019-12,5811
cubatao,2020-01,8928
cubatao,2020-02,1528
cubatao,2020-04,7145
cubatao,2020-05,8636
cubatao,2020-06,1150
cubatao,2020-07,6435
cubatao,2020-08,8928
cubatao,2020-09,8640
cubatao,2020-10,150
cubatao,2021-08,3455
cubatao,2021-09,8640
cubatao,2021-10,8927
cubatao,2021-11,8640
cubatao,2021-12,8928
cubatao,2022-01,8928
cubatao,2022-02,8063
cubatao,2022-03,8928
cubatao,2022-04,8640
cubatao,2022-05,8928
cubatao,2022-06,8640
cubatao,2022-07,8928
cubatao,2022-08,8928
cubatao,2022-09,8640
cubatao,2022-10,8080
cubatao,2023-02,5517
cubatao,2023-03,8928
cubatao,2023-04,8639
cubatao,2023-05,8927
cubatao,2023-06,8640
cubatao,2023-07,8928
cubatao,2023-08,4147
divobras,2021-08,3456
divobras,2021-09,8640
divobras,2021-10,8928
divobras,2021-11,8640
divobras,2021-12,8928
divobras,2022-01,8927
divobras,2022-02,8062
divobras,2022-03,8926
divobras,2022-04,8640
divobras,2022-05,8928
divobras,2022-06,8638
divobras,2022-07,8928
divobras,2022-08,8928
divobras,2022-09,8640
divobras,2022-10,8928
divobras,2022-11,8640
divobras,2022-12,8928
divobras,2023-01,8928
divobras,2023-02,8064
divobras,2023-03,8928
divobras,2023-04,8639
divobras,2023-05,8928
divobras,2023-06,8640
divobras,2023-07,8928
divobras,2023-08,8927
divobras,2023-09,8640
divobras,2023-10,8928
divobras,2023-11,8638
divobras,2023-12,8928
divobras,2024-01,8928
divobras,2024-02,8352
divobras,2024-03,8927
divobras,2024-04,8640
divobras,2024-05,8927
divobras,2024-06,8639
divobras,2024-07,8928
divobras,2024-08,6160
divobras,2024-11,7717
divobras,2024-12,8922
divobras,2025-01,854
divobras,2025-02,843
divobras,2025-03,1202
divobras,2025-04,746
divobras,2025-05,783
divobras,2025-08,8788
divobras,2025-09,8638
divobras,2025-10,8927
divobras,2025-11,8639
divobras,2025-12,8926
divobras,2026-01,8915
divobras,2026-02,8063
divobras,2026-03,8928
divobras,2026-04,8640
divobras,2026-05,8925
divobras,2026-06,8635
divobras,2026-07,2785
flotflux,2012-04,3657
flotflux,2012-05,8928
flotflux,2012-06,8640
flotflux,2012-07,8928
flotflux,2012-08,8928
flotflux,2012-09,8640
flotflux,2012-10,8863
flotflux,2012-11,8640
flotflux,2012-12,8928
flotflux,2013-01,8928
flotflux,2013-02,8064
flotflux,2013-03,8928
flotflux,2013-04,8640
flotflux,2013-05,8928
flotflux,2013-06,8640
flotflux,2013-07,8927
flotflux,2013-08,8919
flotflux,2013-09,2645
flotflux,2014-06,137
flotflux,2014-07,8926
flotflux,2014-08,8928
flotflux,2014-09,8640
flotflux,2014-10,8916
flotflux,2014-11,8640
flotflux,2014-12,8928
flotflux,2015-01,7635
flotflux,2015-06,8135
flotflux,2015-07,8928
flotflux,2015-08,8928
flotflux,2015-09,8640
flotflux,2015-10,8916
flotflux,2015-11,8637
flotflux,2015-12,8924
flotflux,2016-01,8925
flotflux,2016-02,7573
flotflux,2016-03,8928
flotflux,2016-04,8640
flotflux,2016-05,8928
flotflux,2016-06,8640
flotflux,2016-07,8928
flotflux,2016-08,8832
flotflux,2016-09,8640
flotflux,2016-10,8916
flotflux,2016-11,8640
flotflux,2016-12,8928
flotflux,2017-01,8928
flotflux,2017-02,8064
flotflux,2017-03,8928
flotflux,2017-04,8640
flotflux,2017-05,7583
flotflux,2017-06,8640
flotflux,2017-07,8928
flotflux,2017-08,8926
flotflux,2017-09,8639
flotflux,2017-10,8916
flotflux,2017-11,8640
flotflux,2017-12,8928
flotflux,2018-01,7083
flotflux,2018-04,4284
flotflux,2018-05,8928
flotflux,2018-06,7790
flotflux,2018-07,8928
flotflux,2018-08,8891
flotflux,2018-09,8140
flotflux,2018-10,8928
flotflux,2018-11,8628
flotflux,2018-12,8928
flotflux,2019-01,8927
flotflux,2019-02,8064
flotflux,2019-03,7359
flotflux,2019-04,8640
flotflux,2019-05,8928
flotflux,2019-06,8640
flotflux,2019-07,8928
flotflux,2019-08,8928
flotflux,2019-09,8640
flotflux,2019-10,1881
flotflux,2019-12,6673
flotflux,2020-01,8928
flotflux,2020-02,8352
flotflux,2020-03,8928
flotflux,2020-04,8640
flotflux,2020-05,8928
flotflux,2020-06,8640
flotflux,2020-07,8928
flotflux,2020-08,8927
flotflux,2020-09,8640
flotflux,2020-10,157
flotflux,2020-11,1147
flotflux,2020-12,6058
flotflux,2021-08,3453
flotflux,2021-09,8640
flotflux,2021-10,8926
flotflux,2021-11,8639
flotflux,2021-12,8928
flotflux,2022-01,8928
flotflux,2022-02,8063
flotflux,2022-03,8928
flotflux,2022-04,8640
flotflux,2022-05,8928
flotflux,2022-06,8638
flotflux,2022-07,8928
flotflux,2022-08,8928
flotflux,2022-09,8640
flotflux,2022-10,8928
flotflux,2022-11,8640
flotflux,2022-12,8928
flotflux,2023-01,8928
flotflux,2023-02,8064
flotflux,2023-03,8928
flotflux,2023-04,8639
flotflux,2023-05,8928
flotflux,2023-06,8640
flotflux,2023-07,8928
flotflux,2023-08,8928
flotflux,2023-09,8637
flotflux,2023-10,8928
flotflux,2023-11,8637
flotflux,2023-12,8928
flotflux,2024-01,8928
flotflux,2024-02,8352
flotflux,2024-03,8928
flotflux,2024-04,8638
flotflux,2024-05,8928
flotflux,2024-06,8640
flotflux,2024-07,8928
flotflux,2024-08,8558
flotflux,2024-09,3583
flotflux,2024-12,4981
flotflux,2025-01,8928
flotflux,2025-02,8064
flotflux,2025-03,8928
flotflux,2025-04,8466
flotflux,2025-05,2708
flotflux,2025-06,8640
flotflux,2025-07,4461
flotflux,2026-03,4952
flotflux,2026-04,8636
flotflux,2026-05,8927
flotflux,2026-06,8212
flotflux,2026-07,4181
guanabara,2013-08,6528
guanabara,2013-09,2681
guanabara,2016-11,7881
guanabara,2016-12,8928
guanabara,2017-01,8928
guanabara,2017-02,8064
guanabara,2017-03,8928
guanabara,2017-04,8640
guanabara,2017-05,8928
guanabara,2017-06,8639
guanabara,2017-07,8928
guanabara,2017-08,8928
guanabara,2017-09,8640
guanabara,2017-10,8928
guanabara,2017-11,8640
guanabara,2017-12,3300
guanabara,2021-08,2557
guanabara,2021-09,6679
guanabara,2021-10,5433
guanabara,2021-11,6872
guanabara,2021-12,7587
guanabara,2022-01,8927
guanabara,2022-02,8064
guanabara,2022-03,8928
guanabara,2022-04,4820
guanabara,2022-05,3969
guanabara,2022-06,2048
guanabara,2022-07,2843
guanabara,2022-08,3137
guanabara,2022-09,3637
guanabara,2022-10,3519
guanabara,2022-11,4760
guanabara,2022-12,3433
guanabara,2023-01,4220
guanabara,2023-02,3561
guanabara,2023-03,4344
guanabara,2023-04,2922
guanabara,2023-05,1884
guanabara,2023-06,940
guanabara,2023-07,1979
guanabara,2023-08,3529
guanabara,2023-09,825
guanabara,2023-10,1836
guanabara,2023-11,2433
guanabara,2023-12,2810
guanabara,2024-01,2871
guanabara,2024-02,2535
guanabara,2024-03,2519
guanabara,2024-04,1866
guanabara,2024-05,2121
guanabara,2024-06,2162
guanabara,2024-07,2473
guanabara,2024-10,7656
guanabara,2024-11,8638
guanabara,2024-12,8925
guanabara,2025-01,4233
iateclube,2012-04,3576
iateclube,2012-05,8928
iateclube,2012-06,8640
iateclube,2012-07,8928
iateclube,2012-08,8928
iateclube,2012-09,8640
iateclube,2012-10,8916
iateclube,2012-11,8640
iateclube,2012-12,8928
iateclube,2013-01,8928
iateclube,2013-02,8064
iateclube,2013-03,8928
iateclube,2013-04,8640
iateclube,2013-05,8928
iateclube,2013-06,8640
iateclube,2013-07,8927
iateclube,2013-08,8919
iateclube,2013-09,2645
iateclube,2014-01,1328
iateclube,2014-02,8064
iateclube,2014-03,8928
iateclube,2014-04,8640
iateclube,2014-05,8928
iateclube,2014-06,8638
iateclube,2014-07,8928
iateclube,2014-08,8928
iateclube,2014-09,8640
iateclube,2014-10,8916
iateclube,2014-11,8640
iateclube,2014-12,8928
iateclube,2015-01,8928
iateclube,2015-02,8064
iateclube,2015-03,8928
iateclube,2015-04,8640
iateclube,2015-05,8311
iateclube,2015-06,3408
iateclube,2015-07,2486
iateclube,2015-08,5947
iateclube,2015-09,8640
iateclube,2015-10,8916
iateclube,2015-11,8640
iateclube,2015-12,8928
iateclube,2016-01,8928
iateclube,2016-02,8352
iateclube,2016-03,8927
iateclube,2016-04,8640
iateclube,2016-05,8928
iateclube,2016-06,8471
iateclube,2016-07,8928
iateclube,2016-08,8926
iateclube,2016-09,8640
iateclube,2016-10,8916
iateclube,2016-11,8640
iateclube,2016-12,8375
iateclube,2017-01,8928
iateclube,2017-02,8064
iateclube,2017-03,8928
iateclube,2017-04,8640
iateclube,2017-05,8927
iateclube,2017-06,5249
iateclube,2017-07,8906
iateclube,2017-08,8517
iateclube,2017-09,8620
iateclube,2017-10,8698
iateclube,2017-11,8425
iateclube,2017-12,8547
iateclube,2018-01,8928
iateclube,2018-02,1892
iateclube,2018-04,4020
iateclube,2018-05,8928
iateclube,2018-06,7209
iateclube,2018-07,8928
iateclube,2018-08,7645
iateclube,2018-09,6427
iateclube,2018-10,6574
iateclube,2018-11,5284
iateclube,2018-12,422
iateclube,2019-02,3
iateclube,2019-03,8795
iateclube,2019-04,8638
iateclube,2019-05,8928
iateclube,2019-06,8640
iateclube,2019-07,8928
iateclube,2019-08,8928
iateclube,2019-09,8640
iateclube,2019-10,1871
iateclube,2019-11,3463
iateclube,2019-12,8928
iateclube,2020-01,8928
iateclube,2020-02,8352
iateclube,2020-03,8928
iateclube,2020-04,8640
iateclube,2020-05,8928
iateclube,2020-06,8640
iateclube,2020-07,8928
iateclube,2020-08,8927
iateclube,2020-09,8640
iateclube,2020-10,8928
iateclube,2020-11,8640
iateclube,2020-12,8605
iateclube,2021-01,1515
iateclube,2021-02,5319
iateclube,2021-03,586
iateclube,2021-08,3453
iateclube,2021-09,8640
iateclube,2021-10,8928
iateclube,2021-11,8640
iateclube,2021-12,8927
iateclube,2022-01,8927
iateclube,2022-02,8063
iateclube,2022-03,8928
iateclube,2022-04,8640
iateclube,2022-05,8928
iateclube,2022-06,8639
iateclube,2022-07,8928
iateclube,2022-08,8928
iateclube,2022-09,8640
iateclube,2022-10,8928
iateclube,2022-11,8640
iateclube,2022-12,8928
iateclube,2023-01,8928
iateclube,2023-02,8064
iateclube,2023-03,8928
iateclube,2023-04,8639
iateclube,2023-05,8928
iateclube,2023-06,8639
iateclube,2023-07,8928
iateclube,2023-08,8928
iateclube,2023-09,8150
iateclube,2023-10,7649
iateclube,2023-11,8639
iateclube,2023-12,8928
iateclube,2024-01,8928
iateclube,2024-02,8351
iateclube,2024-03,8928
iateclube,2024-04,8639
iateclube,2024-05,8928
iateclube,2024-06,8639
iateclube,2024-07,8928
iateclube,2024-08,8927
iateclube,2024-09,4411
iateclube,2024-10,6178
iateclube,2024-11,8640
iateclube,2024-12,8864
iateclube,2025-01,8777
iateclube,2025-02,8061
iateclube,2025-03,8927
iateclube,2025-04,8639
iateclube,2025-05,8891
iateclube,2025-06,8640
iateclube,2025-07,8894
iateclube,2025-08,8917
iateclube,2025-09,8623
iateclube,2025-10,8623
iateclube,2025-11,8616
iateclube,2025-12,8620
iateclube,2026-01,7758
iateclube,2026-02,7184
iateclube,2026-03,8345
iateclube,2026-04,8636
iateclube,2026-05,8914
iateclube,2026-06,8213
iateclube,2026-07,4180
itaum,2011-12,24
itaum,2012-01,8911
itaum,2012-02,8352
itaum,2012-03,8928
itaum,2012-04,5065
itaum,2013-08,6573
itaum,2013-09,8640
itaum,2013-10,8916
itaum,2013-11,8640
itaum,2013-12,8928
itaum,2014-01,8928
itaum,2014-02,8064
itaum,2014-03,8925
itaum,2014-04,8640
itaum,2014-05,8928
itaum,2014-06,8638
itaum,2014-07,8928
itaum,2014-08,8922
itaum,2014-09,8640
itaum,2014-10,8916
itaum,2014-11,7970
itaum,2014-12,8137
itaum,2015-01,158
itaum,2017-05,1495
itaum,2017-06,7948
itaum,2017-07,8678
itaum,2017-08,8609
itaum,2017-09,8509
itaum,2017-10,5815
itaum,2017-11,8638
itaum,2017-12,8922
itaum,2018-01,8927
itaum,2018-02,8064
itaum,2018-03,8928
itaum,2018-04,8640
itaum,2018-05,8928
itaum,2018-06,8635
itaum,2018-07,8928
itaum,2018-08,8928
itaum,2018-09,8640
itaum,2018-10,8928
itaum,2018-11,8625
itaum,2018-12,8928
itaum,2019-01,8927
itaum,2019-02,8064
itaum,2019-03,8928
itaum,2019-04,8640
itaum,2019-05,8928
itaum,2019-06,8640
itaum,2019-07,8928
itaum,2019-08,3804
itaum,2021-08,3454
itaum,2021-09,8640
itaum,2021-10,8927
itaum,2021-11,8640
itaum,2021-12,8928
itaum,2022-01,8928
itaum,2022-02,8064
itaum,2022-03,8928
itaum,2022-04,8640
itaum,2022-05,8928
itaum,2022-06,8640
itaum,2022-07,8928
itaum,2022-08,8928
itaum,2022-09,8640
itaum,2022-10,8928
itaum,2022-11,8640
itaum,2022-12,8928
itaum,2023-01,8928
itaum,2023-02,8064
itaum,2023-03,8928
itaum,2023-04,8640
itaum,2023-05,8927
itaum,2023-06,8640
itaum,2023-07,8928
itaum,2023-08,8928
itaum,2023-09,8639
itaum,2023-10,8927
itaum,2023-11,8639
itaum,2023-12,8928
itaum,2024-01,8928
itaum,2024-02,8352
itaum,2024-03,8927
itaum,2024-04,8640
itaum,2024-05,8928
itaum,2024-06,8639
itaum,2024-07,8928
itaum,2024-08,8924
itaum,2024-09,8634
itaum,2024-10,8926
itaum,2024-11,8600
itaum,2024-12,1696
jardimparaiso,2013-08,6528
jardimparaiso,2013-09,2681
jardimparaiso,2016-11,1196
jardimparaiso,2016-12,8928
jardimparaiso,2017-01,8928
jardimparaiso,2017-02,8064
jardimparaiso,2017-03,8928
jardimparaiso,2017-04,8640
jardimparaiso,2017-05,8928
jardimparaiso,2017-06,8640
jardimparaiso,2017-07,8928
jardimparaiso,2017-08,8928
jardimparaiso,2017-09,8640
jardimparaiso,2017-10,8928
jardimparaiso,2017-11,8640
jardimparaiso,2017-12,3858
jardimparaiso,2021-08,3454
jardimparaiso,2021-09,8640
jardimparaiso,2021-10,8926
jardimparaiso,2021-11,8640
jardimparaiso,2021-12,8928
jardimparaiso,2022-01,8928
jardimparaiso,2022-02,8064
jardimparaiso,2022-03,8927
jardimparaiso,2022-04,8640
jardimparaiso,2022-05,8928
jardimparaiso,2022-06,8640
jardimparaiso,2022-07,8928
jardimparaiso,2022-08,8928
jardimparaiso,2022-09,8640
jardimparaiso,2022-10,8928
jardimparaiso,2022-11,8640
jardimparaiso,2022-12,8928
jardimparaiso,2023-01,8928
jardimparaiso,2023-02,8064
jardimparaiso,2023-03,8928
jardimparaiso,2023-04,8640
jardimparaiso,2023-05,8928
jardimparaiso,2023-06,5365
jardimparaiso,2023-07,6712
jardimparaiso,2023-08,8915
jardimparaiso,2023-09,8640
jardimparaiso,2023-10,8928
jardimparaiso,2023-11,8639
jardimparaiso,2023-12,8928
jardimparaiso,2024-01,8928
jardimparaiso,2024-02,8352
jardimparaiso,2024-03,8928
jardimparaiso,2024-04,8639
jardimparaiso,2024-05,8928
jardimparaiso,2024-06,8640
jardimparaiso,2024-07,8717
jardimparaiso,2025-02,142
jardimparaiso,2025-03,8928
jardimparaiso,2025-04,8461
jardimparaiso,2025-05,3872
jardimparaiso,2025-06,8640
jardimparaiso,2025-07,5020
jardimparaiso,2026-03,5858
jardimparaiso,2026-04,8638
jardimparaiso,2026-05,8915
jardimparaiso,2026-06,8198
jardimparaiso,2026-07,4173
rodovia,2012-04,3573
rodovia,2012-05,8928
rodovia,2012-06,8640
rodovia,2012-07,8928
rodovia,2012-08,8928
rodovia,2012-09,8640
rodovia,2012-10,8916
rodovia,2012-11,8640
rodovia,2012-12,8928
rodovia,2013-01,8928
rodovia,2013-02,8064
rodovia,2013-03,8928
rodovia,2013-04,8640
rodovia,2013-05,8928
rodovia,2013-06,8640
rodovia,2013-07,8927
rodovia,2013-08,8919
rodovia,2013-09,2645
rodovia,2014-06,98
rodovia,2014-07,1
rodovia,2021-08,3453
rodovia,2021-09,8640
rodovia,2021-10,8927
rodovia,2021-11,8640
rodovia,2021-12,8923
rodovia,2022-01,8927
rodovia,2022-02,8052
rodovia,2022-03,8915
rodovia,2022-04,8635
rodovia,2022-05,8917
rodovia,2022-06,7996
rodovia,2022-07,8927
rodovia,2022-08,8447
rodovia,2022-09,8555
rodovia,2022-10,8722
rodovia,2022-11,7473
rodovia,2022-12,6
