Data/Hora,Causa,Tipo,Desabrigados,Bairros,Situação;
"26 de fev. de 2008, 00:00:00,""84,2mm em 3h, 213,4mm em 5 dias"",Enxurrada,0,""Pirabeiraba, Rio Bonito, Centro, Anita Garibaldi, Fátima, Guanabara, Adhemar Garcia, Ulysses Guimarães, Itaum, Santa Catarina, Floresta, Vila Nova, America, Comasa, Petrópolis, Jarivatuba, João Costa, Paranaguamirim, Nova Brasília, Morro do Meio"",""Emergência """;
"22 de nov. de 2008, 00:00:00,""201mm no dia 22,  98,8 no dia 23, 875,1 mm acumulados no mês"",Enxurrada,510,""Adhemar Garcia, América, Anita Garibaldi, Atiradores, Aventureiro, Boa Vista, Boehmerwald, Bom Retiro, Bucarein, Centro, Comasa, Costa e Silva, Dona Francisca, Espinheiros, Fátima, Floresta, Jarivatuba, Jardim Iririú, Guanabara, Itinga, Itaum, Glória, iririú, Jardin Paraíso, Jardin Sofia, Parque Guarani, João Costa, Paranaguamirim, Nova Brasília, Morro do Meio, Petrópolis, Pirabeiraba, Vila Nova, Ulysses Guimarães, Santo Antônio, São Marcos, Vila Cubatão, Zona Industrial Norte, Zona Industrial Tupy, Profipo, Rio Bonito, Santa Catarina, Saguaçu, Zona Rural"",Emergência";
"8 de set. de 2009, 00:00:00,Não há dados,Vendaval,0,Zona Rural,""Emergência """;
"23 de jan. de 2010, 00:00:00,""81 mm em 24h, 225,6mm em 19h em Itapoá."",Enxurrada,8,""Pirabeiraba, Nova Brasília, Vila Nova, Vila Cubatão, Jardim Sofia, Morro do Meio, Zona Rural"",Emergência";
8 de fev. de 2010, 00:00:00,Não há dados,Vendaval,0,Zona Rural,Emergência;
5 de mar. de 2010, 00:00:00,Não há dados,Alagamentos,0,Zona Rural,Normalidade;
17 de jan. de 2011, 00:00:00,Chuva e rajada de vento,Alagamentos,6,Zona Rural,Emergência;
"10 de mar. de 2011, 00:00:00,""153mm em 5h,246mm em 72h,632 em 14 dias"",Enxurrada,130,""America, Glória, Vila Nova, Itaum, Floresta, Bom Retiro, iririú, Centro, Jarivatuba, Boehmerwald, Aventureiro, Anita Garibaldi, Jardim Sofia, Morro do Meio, São Marcos, Nova Brasília, Bucarein, Itinga, Atiradores, Fátima, Jardim Paraíso, Vila Cubatão, Petrópolis, Paranaguamirim, João Costa, Parque Guarani, Guanabara, Boa Vista, Espinheiros, Comasa, Saguaçu, Jardim Iririú, Zona Industrial Norte, Pirabeiraba, Zona Rural"",Normalidade";
12 de set. de 2011, 00:00:00,Não há dados,Inundação,0,Zona Rural,Emergência;
12 de set. de 2012, 00:00:00,Tempestade com vento,Vendaval,5,Zona Rural,Normalidade;
"25 de set. de 2012, 00:00:00,30min de vento e chuva,Granizo,0,""Pirabeiraba, Zona Rural"",Normalidade";
23 de set. de 2013, 00:00:00,Não há dados,Inundação,0,Zona Rural,Emergência;
"13 de mar. de 2015, 00:00:00,""107mm em 3h,tal que 80mm em 1h"",Chuvas Intensas,0,""Costa e Silva, Santo Antônio, América, Saguaçu, Bom Retiro, iririú, Centro, Bucarein, Anita Garibaldi, Glória, Atiradores, Boa Vista, Vila Nova, Aventureiro, Jardim Iririú"",Normalidade";
"27 de ago. de 2015, 00:00:00,25mm em 2h,Erosão de Margem Fluvial,0,""Morro do Meio, São Marcos"",Normalidade";
"23 de out. de 2015, 01:00:00,""156mm em 24h tal que, 129mm em 12h, mare alta"",Inundação,0,""Profipo, Boehmerwald, Petrópolis, Itaum, Guanabara, Centro, Bucarein, Anita Garibaldi, Floresta, Santa Catarina, Vila Nova, São Marcos, Morro do Meio, Nova Brasília, Jardim Sofia"",Normalidade";
"27 de dez. de 2015, 19:00:00,90mm em 1h,Inundação,0,""Petrópolis, Jarivatuba, Boehmerwald, Floresta, Itinga, Santa Catarina, Guanabara, Itaum, Fátima, Paranaguamirim, João Costa, Parque Guarani, Profipo, Pirabeiraba, Nova Brasília"",Normalidade";
"16 de nov. de 2016, 16:00:00,""26,3mm em 1h e 20min, 27,69mm no total"",Enxurrada,0,Zona Rural,Normalidade";
"27 de dez. de 2016, 18:00:00,""Máxima de 40,1º,pancadas de chuva intensas e ventania.1h de ventos de 80,5 km/h"",Vendaval,0,""Itaum, Petrópolis, Parque Guarani, Fátima, Adhemar Garcia, Ulysses Guimarães, Anita Garibaldi, Nova Brasília, Boehmerwald, Floresta"",Normalidade";
"18 de jan. de 2017, 17:00:00,80mm em 1h,Alagamentos,0,""Centro, Anita Garibaldi, Atiradores, Bucarein, Glória, Guanabara, Fátima, Floresta, Comasa, Jardim Iririú, Aventureiro, Vila Cubatão, Itaum"",Normalidade";
"26 de jan. de 2017, 17:00:00,Não há dados,Inundação,0,""Aventureiro, Jardim Paraíso, Paranaguamirim, Jarivatuba, Itinga, Profipo, Floresta, Itaum, Guanabara, Bucarein, Fátima, Anita Garibaldi, Nova Brasília, Morro do Meio"",Normalidade";
"30 de jan. de 2017, 13:00:00,143mm em 24h sendo 105mm em 2h,Chuvas Intensas,5,""Jardim Paraíso, Aventureiro, Boehmerwald, Profipo, Itaum, Guanabara, Fátima, Petrópolis, Jarivatuba, Floresta, Santa Catarina, Bucarein, João Costa, Parque Guarani, Nova Brasília, Anita Garibaldi, Centro, Paranaguamirim, Itinga"",""Emergência reconhecida pela Portaria Nº 18, de 13 de fevereiro de 2017.""";
"12 de fev. de 2017, 18:30:00,65 mm em 24h e maré alta,Chuvas Intensas,0,""Glória, Nova Brasília, Itaum, Floresta, Santa Catarina, Bucarein, Guanabara, Anita Garibaldi, Centro, Costa e Silva"",Normalidade";
"16 de mar. de 2017, 16:00:00,Ventos de 64 km/h com 24mm de chuva,Vendaval,0,""Zona Industrial Norte, Pirabeiraba, Jardim Sofia, Jardim Paraíso, Vila Cubatão, Aventureiro, Santo Antônio, Bom Retiro, Morro do Meio, Glória, Atiradores, America, Centro"",Normalidade";
"20 de mai. de 2017, 06:00:00,217mm em 72h,Chuvas Intensas,0,""Vila Nova, Morro do Meio, São Marcos, Nova Brasília, Jardim Sofia, iririú, Petrópolis, Floresta, Glória, Pirabeiraba"",Normalidade";
"30 de set. de 2017, 07:00:00,154mm em 24h,Alagamentos,0,""Centro, iririú, Anita Garibaldi, Floresta, Fátima, Nova Brasília, Itaum, Paranaguamirim, Saguaçu, Bucarein, Santo Antônio, João Costa, Parque Guarani"",Normalidade";
"17 de jan. de 2018, 06:00:00,167mm em 6h,Chuvas Intensas,21,""Adhemar Garcia, América, Anita Garibaldi, Atiradores, Aventureiro, Boa Vista, Boehmerwald, Bom Retiro, Bucarein, Centro, Comasa, Costa e Silva, Dona Francisca, Espinheiros, Fátima, Floresta, Glória, Guanabara, iririú, Itaum, Itinga, Jardim Iririú, Jardim Paraíso, Jardim Sophia, Jarivatuba, João Costa, Morro do Meio, Nova Brasília, Paranaguamirim, Parque Guarani, Petrópolis, Pirabeiraba, Profipo, Rio Bonito, Saguaçu, Santa Catarina, Santo Antônio, São Marcos, Ulysses Guimarães, Vila Cubatão, Vila Nova, Zona Industrial Norte, Zona Industrial Tupy, Zona Rural"",""Emergência reconhecida pela Portaria - Com Emenda Nº 33, de 07 de fevereiro de 2018""";
"15 de mar. de 2019, 01:00:00,147mm em 7h,Chuvas Intensas,0,""Adhemar Garcia, América, Anita Garibaldi, Atiradores, Aventureiro, Boa Vista, Boehmerwald, Bom Retiro, Bucarein, Centro, Comasa, Costa e Silva, Dona Francisca, Espinheiros, Fátima, Floresta, Glória, Guanabara, iririú, Jarivatuba, Pirabeiraba, Paranaguamirim, Jardim Iririú, Santo Antonio, Nova Brasília, Morro do Meio, João Costa, Saguaçu, Santa Catarina, Vila Cubatão, Vila Nova, São Marcos, Ulysses Guimarães, Parque Guarani, Petrópolis, Rio Bonito, Profipo, Zona Industrial Norte, Zona Industrial Tupy, Itaum, Jardim Sofia, Jardim Paraíso, Itinga, Zona Rural"",""Emergência reconhecida pela Portaria Nº 1043, de 28 de março de 2024 Portaria Nº 1172, de 08 de maio de 2019""";
"9 de fev. de 2020, 17:00:00,""400mm em 5 dias, 100mm no dia 07/02/2020 e 87 mm no dia 09/02/2020"",Chuvas Intensas,2,""Pirabeiraba, Rio Bonito, Jardim Sofia, Jardim Paraíso, Vila Nova, Morro do Meio, Nova Brasília, Santa Catarina, Atiradores, Floresta, Itaum, Petrópolis, Boehmerwald, Profipo, Boa Vista, Guanabara, Fátima, Jarivatuba, João Costa, Parque Guarani, Paranaguamirim, Costa e Silva, Santo Antônio, Bom Retiro, Saguaçu, iririú, America, Glória, Centro, Anita Garibaldi, Bucarein, Aventureiro, Jardim Iririú, Comasa, Zona Rural"",Normalidade";
"18 de mar. de 2020, 07:00:00,COVID19,Doenças infecciosas virais,0,""Adhemar Garcia, América, Anita Garibaldi, Atiradores, Aventureiro, Boa Vista, Boehmerwald, Bom Retiro, Bucarein, Centro, Comasa, Costa e Silva, Dona Francisca, Espinheiros, Fátima, Zona Industrial Tupy, Zona Industrial Norte, Vila Nova, Vila Cubatão, Ulysses Guimarães, São Marcos, Santo Antônio, Santa Catarina, Profipo, Morro do Meio, Parque Guarani, Rio Bonito, Saguaçu, iririú, Jardim Iririú, Jardim Paraíso, Jardim Sofia, Jarivatuba, João Costa, Nova Brasília, Petrópolis, Itaum, Itinga, Guanabara, Glória, Floresta, Pirabeiraba, Paranaguamirim, Zona Rural"",Emergência reconhecida pelo decreto Nº 515 de 17 de março de 2020";
"30 de jun. de 2020, 16:00:00,Ventos de 120km/h,Vendaval,0,""Adhemar Garcia, América, Anita Garibaldi, Atiradores, Aventureiro, Boa Vista, Boehmerwald, Bom Retiro, Zona Industrial Tupy, Zona Industrial Norte, Vila Nova, Vila Cubatão, Ulysses Guimarães, São Marcos, Santo Antônio, Santa Catarina, Saguaçu, Profipo, Rio Bonito, Pirabeiraba, Petrópolis, Parque Guarani, Paranaguamirim, Nova Brasília, Morro do Meio, João Costa, Jarivatuba, Jardim Sofia, Jardim Paraíso, Jardim Iririú, Itinga, Itaum, iririú, Guanabara, Glória, Floresta, Centro, Fátima, Costa e Silva, Espinheiros, Comasa, Dona Francisca, Bucarein, Zona Rural"",""Estado de calamidade pública reconhecido pelo decreto Nº 700, de 2 de julho de 2020""";
"7 de dez. de 2020, 04:00:00,200mm em 3 dias,Chuvas Intensas,0,""Paranaguamirim, Santo Antônio, Rio Bonito, Vila Nova, Petropolis, Nova Brasília, São Marcos"",Normalidade";
"1 de jan. de 2021, 03:00:00,""90mm em 1h , 169mm em 6h"",Chuvas Intensas,0,""Costa e Silva, Zona Industrial Norte, Santo Antônio, Bom Retiro, Saguaçu, iririú, America, Glória, Atiradores, Centro, Anita Garibaldi, Bucarein, Santa Catarina, Floresta, Itaum, Guanabara, Aventureiro, Jardim Iririú, Comasa, Espinheiros, Boa Vista, Nova Brasília, Vila Nova, Morro do Meio, Jardim Sofia, Jardim Paraíso, Itinga, Paranaguamirim, Ulysses Guimarães, Zona Rural"",""Emergência reconhecida pela Portaria Nº 133, de 25 de janeiro de 2021";
"
4 de jan. de 2021, 14:00:00"",""43mm em 50min "",Alagamentos,0,""Centro, Anita Garibaldi, Glória, Atiradores"",Normalidade";
"15 de fev. de 2021, 14:00:00,37 mm/h,Chuvas Intensas,0,""Anita Garibaldi, Centro, Saguaçu, Ulysses Guimarães, America, Floresta, Jarivatuba, Costa e Silva, Itaum"",Normalidade";
"14 de mar. de 2021, 10:00:00,""Chuva Registrada:Itaum 80mm/h. Nível registrado: Flot-Flux:+2,5m";" "",Chuvas Intensas,0,""Costa e Silva, Santo Antônio, Bom Retiro, Centro, América, Saguaçu, São Marcos, Nova Brasília, Anita Garibaldi, Glória, Floresta, Itaum, Petrópolis, Boehmerwald, Profipo, Guanabara, Fátima, Comasa, Boa Vista, Jardim Iririu, Santa Catarina, iririú, Espinheiros, Aventureiro, Pirabeiraba, Paranaguamirim, Rio Bonito, Adhemar Garcia, Parque Guarani, João Costa, Jarivatuba"",Normalidade"
"27 de abr. de 2021, 08:00:00,Não há dados,Doenças infecciosas virais,0,""Adhemar Garcia, América, Anita Garibaldi, Atiradores, Aventureiro, Boa Vista, Boehmerwald, Bom Retiro, Bucarein, Centro, Comasa, Costa e Silva, Dona Francisca, Espinheiros, Fátima, Floresta, Glória, Guanabara, Jardim Sofia, Itinga, Itaum, iririú, João Costa, Jarivatuba, Jardim Paraíso, Jardim Iririú, Morro do Meio, Nova Brasília, Paranaguamirim, Parque Guarani, Petrópolis, Rio Bonito, Profipo, Pirabeiraba, Zona Industrial Tupy, Zona Industrial Norte, Santa Catarina, Saguaçu, Vila Cubatão, Vila Nova, Ulysses Guimarães, São Marcos, Santo Antônio, Zona Rural"",Emergência";
"1 de nov. de 2021, 05:00:00,""122mm em 24h, 220mm em 72h registrados no bairro Vila Nova. Nível de 26,6m na estação hidrometeorológica cubatão."",Chuvas Intensas,0,""Centro, Bom Retiro, Saguaçu, Anita Garibaldi, Floresta, Itaum, Petrópolis, Guanabara, Boa Vista, iririú, Pirabeiraba, Vila Nova"",Normalidade";
22 de nov. de 2021, 20:00:00,Colapso de galeria,Colapso de Edificação,0,Centro,Normalidade;
"18 de dez. de 2021, 17:00:00,58mm em 24h,Enxurrada,0,""Vila Nova, Dona Francisca, Pirabeiraba"",Normalidade";
"5 de jan. de 2022, 16:00:00,40mm/h,Alagamentos,0,""Centro, Anita Garibaldi, Floresta"",Normalidade";
"14 de fev. de 2022, 14:00:00,Ventos de até 78 km/h e chuvas de até 35mm em 1h,Granizo,0,""Guanabara, Morro do Meio, Nova Brasília, Floresta"",Normalidade";
"18 de mar. de 2022, 16:00:00,""30mm em 30 min ventos de até 51,3 km/h"",Chuvas Intensas,0,""Anita Garibaldi, Centro, Floresta, Petrópolis, Boehmerwald, Itinga, João Costa, Boa Vista, Profipo, Guanabara, Nova Brasília"",Normalidade";
"30 de mar. de 2022, 14:00:00,""Ventos de até 68,08km/h"",Vendaval,0,""Jardim Iririú, Paranaguamirim, Morro do Meio, Anita Garibaldi, Saguaçu, Comasa, America, iririú, Pirabeiraba, Centro, Guanabara, Ulysses Guimarães"",Normalidade";
"3 de mai. de 2022, 10:00:00,chuva de até 198mm,Chuvas Intensas,0,""Jardim Iririú, Centro, Boa Vista, Comasa, iririú, Bom Retiro, America, Aventureiro, Saguaçu, Itinga, Santa Catarina, Fátima, Profipo, Boehmerwald, Anita Garibaldi, Bucarein, Floresta, Petrópolis"",Normalidade";
"10 de ago. de 2022, 09:00:00,Chuva de até 224mm em 48h rajadas de até 75km/h,Chuvas Intensas,0,""Dona Francisca, Pirabeiraba, Rio Bonito, Zona Industrial Norte, Zona Industrial Tupy, Jardim Paraíso, Jardim Sofia, Vila Cubatão, Morro do Meio, Vila Nova, Nova Brasília, São Marcos, Costa e Silva, Santo Antônio, Bom Retiro, América, Saguaçu, iririú, Centro, Glória, Bucarein, Anita Garibaldi, Atiradores, Aventureiro, Boa Vista, Jardim Iririú, Comasa, Espinheiros, Adhemar Garcia, Ulysses Guimarães, Jarivatuba, Parque Guarani, Paranaguamirim, Guanabara, Fátima, João Costa, Itaum, Petrópolis, Boehmerwald, Itinga, Floresta, Santa Catarina, Profipo, Zona Rural"",""Emergência reconhecida pela Portaria Nº 2785, de 09 de setembro de 2022""";
"26 de nov. de 2022, 10:00:00,Não há dados,Chuvas Intensas,0,""Centro, Paranaguamirim, Guanabara, Bucarein, Fátima, Itaum, Parque Guarani"",Normalidade";
"28 de nov. de 2022, 00:01:00,553mm em 6 dias,Chuvas Intensas,203,""Pirabeiraba, Rio Bonito, Jardim Sofia, Jardim Paraíso, Zona Industrial Norte, Vila Cubatão, Vila Nova, Morro do Meio, Nova Brasília, Centro, Saguaçu, America, Glória, Paranaguamirim, Santa Catarina, Adhemar Garcia, Ulysses Guimarães, Bucarein, Atiradores, Anita Garibaldi, Profipo, Comasa, Boa Vista, Jardim Iririú, Fátima, Guanabara, Costa e Silva, João Costa, Espinheiros, Bom Retiro, Itaum, Floresta, Boehmerwald, Itinga, Dona Francisca, Petrópolis, Jarivatuba, iririú, São Marcos, Parque Guarani, Aventureiro, Santo Antônio, Zona Rural"",""Emergência reconhecida pela Portaria Nº 3457, de 02 de dezembro de 2022""";
20 de dez. de 2022, 11:00:00,Não há dados,Chuvas Intensas,0,Não há dados,Normalidade;
"3 de jan. de 2023, 15:00:00,""62mm em 1h, 81mm em 24h"",Chuvas Intensas,0,""Fátima, Guanabara, Itaum, Petrópolis, Boehmerwald, Profipo, João Costa, Jarivatuba, Parque Guarani, Adhemar Garcia, Ulysses Guimarães, Paranaguamirim, Santa Catarina, Floresta, Boa Vista, Comasa, Espinheiros, Jardim Iririú, iririú, Aventureiro, Bom Retiro, Anita Garibaldi"",Normalidade";
"19 de jan. de 2023, 14:00:00,40mm em 1h,Chuvas Intensas,0,""Bom Retiro, Centro, Saguaçu, Glória, Atiradores, Zona Industrial Norte, Pirabeiraba"",Normalidade";
10 de fev. de 2023, 18:00:00,Não há dados,Enxurrada,0,Zona Rural,Normalidade;
"13 de jul. de 2023, 11:00:00,Ventos de 65 km/h,Vendaval,0,""Dona Francisca, Pirabeiraba, Zona Rural"",Normalidade";
"4 de out. de 2023, 08:00:00,88mm em 24h,Chuvas Intensas,0,""Anita Garibaldi, Bucarein, Floresta, Paranaguamirim, Ulysses Guimarães, Itaum, Fátima, Bom Retiro, Parque Guarani, Petrópolis, Vila Nova, Morro do Meio, Nova Brasília, São Marcos"",Normalidade";
"11 de jan. de 2024, 17:30:00,""79,4mm em 1h na estação em Nova brasília, e  97,88mm em 3h, na estação Salto I"",Chuvas Intensas,0,""Paranaguamirim, Floresta, Nova Brasília, João Costa, Petrópolis, Jarivatuba, Boehmerwald, Parque Guarani, Guanabara, Ulysses Guimarães, Anita Garibaldi, Costa e Silva, Fátima, iririú, Glória, Atiradores, Vila Nova, São Marcos, Centro, América, Bucarein, Profipo"",Normalidade";
"22 de jan. de 2024, 11:00:00,""123mm em 6h "",Chuvas Intensas,0,""Vila Nova, João Costa"",Normalidade";
"29 de jan. de 2024, 07:00:00,Tombamento de uma carga de 25t de ácido sulfônico na SC-418,Transporte de produtos perigosos rodoviário,0,""Dona Francisca, Pirabeiraba, Jardim Paraíso, Jardim Sofia, Zona Industrial Norte, Adhemar Garcia, América, Anita Garibaldi, Atiradores, Aventureiro, Bom Retiro, Boa Vista, Bucarein, Centro, Comasa, Costa e Silva, Espinheiros, Fátima, Floresta, Glória, Guanabara, iririú, Itaum, Jardim Iririú, Jarivatuba, João Costa, Paranaguamirim, Parque Guarani, Petrópolis, Rio Bonito, Saguaçu, Santo Antônio, Ulysses Guimarães, Vila Cubatão"",""Emergência reconhecida pela Portaria Nº 1043, de 28 de março de 2024 do MDR""";
"25 de fev. de 2024, 02:00:00,""Emergência reconhecida pela Portaria Nº 1043, de 28 de março de 2024 do MDR"",Chuvas Intensas,0,""Adhemar Garcia, América, Anita Garibaldi, Atiradores, Aventureiro, Boa Vista, Boehmerwald, Bom Retiro, Bucarein, Centro, Comasa, Costa e Silva, Dona Francisca, Espinheiros, Fátima, Floresta, Glória, Guanabara, iririú, João Costa, Paranaguamirim, Nova Brasília, Jarivatuba, Jardim Paraíso, Parque Guarani, Jardim Sofia, Santo António, Vila Cubatão, Santa Catarina, Profipo, Pirabeiraba, Petrópolis, Saguaçu, Rio Bonito, Morro do Meio, Jardim Iririú, Itinga, Itaum, São Marcos, Ulysses Guimarães, Vila Nova, Zona Industrial Norte, Zona Industrial Tupy, Zona Rural"",""Emergência reconhecida pela Portaria Nº 1043, de 28 de março de 2024 do MDR""";
"16 de jul. de 2024, 19:00:00,15 mm de chuva em 20 minutos após 10 dias de chuva,Alagamentos,0,""Anita Garibaldi, Floresta, Itaum, Bucarein"",Normalidade";
7 de dez. de 2024, 11:00:00,Não há dados,Chuvas Intensas,0,Não há dados,Normalidade;
"2 de jan. de 2025, 14:30:00,30mm de chuva em 20 minutos,Chuvas Intensas,0,""Anita Garibaldi, Centro, Atiradores, Glória, Floresta, Itaum, America, iririú, Paranaguamirim, Fátima, Boa Vista, Bom Retiro"",Normalidade";
"3 de jan. de 2025, 18:00:00,Ventos de 40 km/h,Vendaval,0,""Aventureiro, Vila Cubatão, Zona Industrial Norte, iririú"",Normalidade";
"25 de jan. de 2025, 14:00:00,Ventos de 60km/h,Vendaval,0,""Pirabeiraba, Rio Bonito, Itaum, São Marcos, Floresta, Petrópolis"",Normalidade";
"4 de fev. de 2025, 14:15:00,""85,4mm de chuva em 1h"",Enxurrada,0,""Costa e Silva, Zona Industrial Norte, Santo Antônio"",Normalidade";
"13 de fev. de 2025, 16:00:00,Ventos de 53 km/h e 40mm de chuva em 1h,Vendaval,0,""Vila Nova, Nova Brasília, Anita Garibaldi, Glória, Atiradores, Centro, Costa e Silva, Paranaguamirim"",Normalidade";
"12 de mar. de 2025, 18:30:00,chuva de 50mm em 1h,Alagamentos,0,""Floresta, Itaum, Anita Garibaldi"",Normalidade";
"25 de mar. de 2025, 20:00:00,Chuva,Alagamentos,0,""Rio Bonito, Fátima"",Normalidade";
"30 de mar. de 2025, 17:00:00,""Maré Alta +2,5m"",Alagamentos,0,""Fátima, Comasa, Boa Vista, Centro, Vila Cubatão"",Normalidade";
"24 de nov. de 2025, 05:00:00,Precipitação de 100 mm em 24 h,Inundação,0,""Fátima, João Costa, Parque Guarani, Paranaguamirim, Boehmerwald"",Normalidade";
"10 de dez. de 2025, 14:00:00,Ventos de 65 km/h,Vendaval,0,""America, Morro do Meio, Itaum, Fátima, Paranaguamirim, Vila Nova, Floresta, Anita Garibaldi, Bom Retiro, Comasa, Guanabara, iririú, Petrópolis, Saguaçu"",Normalidade";
"29 de dez. de 2025, 17:00:00,74 mm em 2 h,Chuvas Intensas,0,""Floresta, Petrópolis, Profipo, Anita Garibaldi, Itaum, Nova Brasília, Bucarein, Guanabara, São Marcos, Centro"",Normalidade";
