date,temp_max,temp_min,umid_max,umid_min,solar_total,gust_max,prec,dewpoint,heat_index,wind_chill,n_hours,temp_mean,umid_mean,ws_mean,solar_mean,gust_dir,level_max,level_min
2024-11-26,41.4,21.1,98.0,37.0,494.64446078431376,6.7,21.3,21.600718132854578,51.0,21.1,10,25.76109803921569,81.73803921568627,0.3303333333333333,49.46444607843138,,,
2024-11-27,33.4,20.8,99.0,59.0,4402.5008333333335,5.6,6.0,23.44777777777778,42.0,20.8,24,25.327430555555555,89.98402777777778,0.28270833333333334,183.43753472222224,,,
2024-11-28,27.0,22.1,99.0,80.0,1482.5465,3.4,34.2,23.24604166666667,30.0,22.1,24,23.74611111111111,96.84513888888888,0.10076388888888889,61.77277083333333,,,
2024-11-29,28.0,22.4,99.0,76.0,2124.8065,4.5,2.7,22.589861111111112,31.0,22.4,24,23.836250000000003,92.86180555555556,0.19111111111111112,88.53360416666668,,,
2024-11-30,30.2,22.0,99.0,68.0,3290.031,10.1,6.9,22.659166666666668,36.0,22.0,24,24.242569444444445,91.22222222222223,0.3844444444444444,137.084625,,,
2024-12-01,28.3,21.2,99.0,71.0,3006.1433333333334,5.6,3.3,22.114444444444445,32.0,21.2,24,23.82604166666667,90.34722222222223,0.3670138888888889,125.25597222222223,,,
2024-12-02,32.0,20.7,99.0,60.0,3520.6756666666665,7.8,2.4,22.827222222222222,41.0,20.7,24,25.155555555555555,87.54583333333333,0.4955555555555556,146.69481944444445,,,
2024-12-03,22.8,19.9,99.0,85.0,1297.8501666666666,3.4,9.0,20.17486111111111,22.8,19.9,24,20.746180555555554,96.38125000000001,0.06930555555555555,54.07709027777778,,,
2024-12-04,20.9,18.1,99.0,90.0,960.6496666666667,3.4,10.2,18.76138888888889,20.9,18.1,24,19.10875,97.6375,0.09076388888888888,40.02706944444444,,,
2024-12-05,28.5,18.1,99.0,61.0,4598.690333333333,5.6,0.3,19.894513888888888,31.0,18.1,24,22.55388888888889,85.75486111111111,0.4671527777777778,191.61209722222222,,,
2024-12-06,33.8,20.6,99.0,60.0,6139.395166666666,6.7,4.5,23.365625,44.0,20.6,24,25.916597222222222,86.9826388888889,0.42194444444444446,255.80813194444443,,,
2024-12-07,24.5,20.4,99.0,94.0,716.6525,7.8,182.1,22.292708333333334,24.5,20.4,24,22.51965277777778,98.33611111111111,0.16819444444444442,29.860520833333336,,,
2024-12-08,22.0,18.3,99.0,93.0,1060.8923333333332,4.5,53.4,19.779097222222223,22.0,18.3,24,20.01423611111111,98.26597222222222,0.13506944444444444,44.203847222222215,,,
2024-12-09,20.6,17.8,99.0,94.0,1283.4421666666667,5.6,84.0,18.64784722222222,20.6,17.8,24,18.833541666666665,98.54583333333333,0.2732638888888889,53.476756944444446,,,
2024-12-10,26.7,18.5,99.0,73.0,2845.124333333333,7.8,21.3,20.183333333333334,26.7,18.5,24,21.301041666666666,93.49097222222223,0.3296527777777778,118.54684722222221,,,
2024-12-11,23.4,18.1,99.0,86.0,2169.7993333333334,5.6,24.3,19.683680555555554,23.4,18.1,24,20.122986111111114,97.11527777777779,0.11041666666666666,90.40830555555556,,,
2024-12-12,29.4,18.8,99.0,49.0,6459.784214285714,5.6,0.0,19.565369261477045,32.0,18.8,17,23.47812324929972,80.84943977591035,0.5761904761904763,379.9873067226891,,,
2025-01-01,32.5,20.6,99.0,60.0,5356.308,6.7,16.2,22.263472222222223,40.0,20.6,24,25.008958333333336,85.8875,0.47833333333333333,223.1795,,,
2025-01-02,33.7,18.9,99.0,55.0,4837.3875,14.6,26.1,21.472430555555555,42.0,18.9,24,23.521944444444443,89.46875,0.31173611111111116,201.55781249999998,,,
2025-01-03,37.0,19.7,99.0,43.0,7077.0725,7.8,6.9,23.04513888888889,52.0,19.7,24,26.79847222222222,82.47083333333333,0.32375,294.8780208333333,,,
2025-01-04,31.5,21.2,98.0,62.0,4998.345833333334,9.0,3.3,22.7575,39.0,21.2,24,25.352222222222224,86.38263888888889,0.5145138888888888,208.26440972222224,,,
2025-01-05,29.3,20.7,99.0,60.0,3940.1818333333335,5.6,13.8,21.159305555555555,34.0,20.7,24,23.24597222222222,88.78263888888888,0.2675,164.17424305555556,,,
2025-01-06,27.9,20.2,99.0,63.0,3023.7213333333334,4.5,2.7,20.833541666666665,30.0,20.2,24,22.799027777777777,89.21388888888889,0.165625,125.98838888888889,,,
2025-01-07,23.6,20.8,99.0,85.0,1612.9638333333335,3.4,12.3,21.122083333333332,23.6,20.8,24,21.793194444444442,95.80694444444445,0.04881944444444444,67.2068263888889,,,
2025-01-08,27.9,20.1,99.0,62.0,3716.3105,6.7,24.3,21.123680555555556,30.0,20.1,24,22.60020833333333,91.81319444444445,0.26222222222222225,154.84627083333334,,,
2025-01-09,28.5,20.0,99.0,63.0,2885.1313333333333,5.6,3.9,21.056805555555556,31.0,20.0,24,22.137013888888887,93.83680555555556,0.15770833333333334,120.21380555555555,,,
2025-01-10,28.6,19.9,99.0,61.0,4495.858166666667,6.7,6.6,20.72,32.0,19.9,24,23.058888888888887,87.54444444444444,0.2736111111111111,187.32742361111113,,,
2025-01-11,26.8,18.6,99.0,72.0,2641.2843333333335,5.6,11.1,20.499305555555555,29.0,18.6,24,21.608819444444446,93.51875,0.30215277777777777,110.0535138888889,,,
2025-01-12,25.8,18.0,99.0,74.0,2016.2133333333331,3.4,1.8,20.452222222222222,25.8,18.0,24,21.115833333333335,95.89722222222223,0.06999999999999999,84.00888888888888,,,
2025-01-13,29.3,17.1,99.0,55.0,5566.8606666666665,7.8,1.5,19.069930555555555,33.0,17.1,24,22.192083333333333,83.9263888888889,0.3682638888888889,231.95252777777776,,,
2025-01-14,31.0,16.9,99.0,51.0,6631.101,7.8,0.0,19.30951388888889,35.0,16.9,24,22.87472222222222,82.50138888888888,0.45625,276.29587499999997,,,
2025-01-15,30.7,17.7,99.0,53.0,4796.928333333333,7.8,0.9,20.79215277777778,35.0,17.7,24,23.769097222222225,84.80277777777778,0.4176388888888889,199.8720138888889,,,
2025-01-16,25.9,22.0,99.0,92.0,1661.7188333333334,5.6,39.0,23.44888888888889,25.9,22.0,24,23.70763888888889,98.17083333333333,0.083125,69.23828472222222,,,
2025-01-17,32.5,23.3,99.0,69.0,4401.1735,5.6,2.7,24.652083333333334,44.0,23.3,24,26.10840277777778,91.99444444444445,0.3175,183.38222916666666,,,
2025-01-18,34.6,23.8,99.0,65.0,3951.911,5.6,0.3,25.009583333333335,49.0,23.8,24,26.822430555555556,90.27986111111112,0.26590277777777777,164.66295833333334,,,
2025-01-19,32.1,22.9,99.0,72.0,4045.7761666666665,5.6,0.0,24.79263888888889,44.0,22.9,24,26.764791666666667,89.36527777777779,0.315625,168.57400694444445,,,
2025-01-20,36.8,24.1,99.0,49.0,4547.384166666667,7.8,0.6,25.26423611111111,51.0,24.1,24,27.733194444444447,87.80972222222222,0.23395833333333335,189.47434027777777,,,
2025-01-21,34.4,23.8,99.0,57.0,4987.6385,6.7,18.0,24.88840277777778,45.0,23.8,24,27.28347222222222,87.60486111111112,0.31006944444444445,207.81827083333334,,,
2025-01-22,32.0,21.8,99.0,70.0,2597.3616666666667,7.8,12.3,24.068888888888885,44.0,21.8,24,25.038819444444442,94.51944444444445,0.17395833333333333,108.22340277777778,,,
2025-01-23,34.3,19.9,99.0,57.0,6599.510499999999,7.8,0.0,23.734375,47.0,19.9,24,26.62597222222222,85.46666666666665,0.395,274.97960416666666,,,
2025-01-24,33.5,23.1,99.0,61.0,4007.8478333333333,6.7,3.6,24.688680555555553,44.0,23.1,24,26.275625,91.59722222222223,0.23430555555555554,166.99365972222222,,,
2025-01-25,33.8,22.0,99.0,63.0,4746.937166666667,6.7,31.5,23.944791666666667,49.0,22.0,24,25.418333333333333,92.23819444444445,0.24125,197.7890486111111,,,
2025-01-26,31.7,22.4,99.0,60.0,4143.6195,7.8,0.0,23.505902777777777,39.0,22.4,24,26.344652777777778,85.05555555555556,0.44951388888888894,172.6508125,,,
2025-01-27,31.2,21.3,99.0,60.0,4314.8395,4.5,8.7,22.921319444444443,37.0,21.3,24,24.95888888888889,89.25208333333335,0.27479166666666666,179.78497916666666,,,
2025-01-28,30.8,22.0,99.0,69.0,3782.7778333333335,5.6,1.2,23.530486111111113,39.0,22.0,24,25.19388888888889,90.85138888888889,0.175625,157.61574305555555,,,
2025-01-29,30.5,22.7,99.0,70.0,3186.8715,6.7,28.8,23.79659722222222,37.0,22.7,24,24.779097222222223,94.41597222222221,0.17791666666666664,132.7863125,,,
2025-01-30,29.7,21.9,99.0,70.0,2596.09,4.5,0.6,23.387708333333336,36.0,21.9,24,24.371736111111108,94.28263888888888,0.10652777777777778,108.17041666666667,,,
2025-01-31,31.6,21.7,99.0,60.0,3568.1758333333332,3.4,0.9,23.094444444444445,38.0,21.7,24,25.03,89.64999999999999,0.11972222222222223,148.67399305555554,,,
2025-02-01,27.9,22.3,99.0,78.0,2188.874,3.4,11.7,23.739930555555556,32.0,22.3,24,24.454930555555553,95.69097222222223,0.0551388888888889,91.20308333333332,,,
2025-02-02,31.7,21.6,99.0,66.0,4368.372666666666,4.5,2.4,23.807916666666667,40.0,21.6,24,25.0825,92.98055555555555,0.18979166666666666,182.01552777777775,,,
2025-02-03,33.3,21.9,99.0,62.0,4237.285666666667,6.7,6.0,24.205486111111114,45.0,21.9,24,25.651805555555555,92.3298611111111,0.16284722222222223,176.55356944444443,,,
2025-02-04,34.1,22.6,99.0,61.0,4445.921333333334,11.2,95.4,24.3625,48.0,22.6,24,25.782638888888886,92.55069444444445,0.21944444444444444,185.24672222222225,,,
2025-02-05,30.1,23.1,99.0,78.0,2629.9228333333335,2.2,3.9,24.568472222222223,39.0,23.1,24,25.380277777777778,95.24097222222223,0.05555555555555555,109.58011805555556,,,
2025-02-06,33.7,22.6,99.0,63.0,3387.153333333333,4.5,0.3,24.55,47.0,22.6,24,25.969652777777778,92.27847222222222,0.10229166666666667,141.1313888888889,,,
2025-02-07,28.2,22.8,99.0,78.0,1391.7676666666666,5.6,8.4,24.12673611111111,34.0,22.8,24,25.253611111111113,93.42777777777779,0.28381944444444446,57.990319444444445,,,
2025-02-08,28.0,21.1,99.0,78.0,2184.7881666666667,3.4,9.3,23.23097222222222,33.0,21.1,24,23.758194444444445,96.70902777777779,0.060416666666666674,91.03284027777778,,,
2025-02-09,34.3,21.1,99.0,53.0,5873.563166666667,4.5,0.0,23.13722222222222,46.0,21.1,24,26.15013888888889,84.99722222222222,0.20645833333333333,244.73179861111112,,,
2025-02-10,34.2,20.2,99.0,58.0,6354.0435,5.6,0.0,23.470694444444447,47.0,20.2,24,26.401805555555555,85.31041666666667,0.3688194444444444,264.75181249999997,,,
2025-02-11,35.2,21.5,99.0,56.0,6138.947166666667,5.6,0.0,24.76215277777778,51.0,21.5,24,27.641458333333333,85.74305555555556,0.3236805555555556,255.7894652777778,,,
2025-02-12,37.2,22.6,99.0,54.0,5601.812166666667,9.0,7.2,25.229930555555555,57.0,22.6,24,27.98229166666667,86.39166666666667,0.32472222222222225,233.40884027777778,,,
2025-02-13,34.5,21.8,99.0,58.0,5581.1505,7.8,87.3,23.558333333333334,48.0,21.8,24,25.71166666666667,89.12638888888888,0.30701388888888886,232.5479375,,,
2025-02-14,32.2,21.5,99.0,62.0,4981.7508333333335,9.0,16.8,23.650138888888886,41.0,21.5,24,25.933819444444442,87.96597222222222,0.42534722222222227,207.5729513888889,,,
2025-02-15,33.9,22.1,99.0,60.0,5115.054166666667,5.6,23.1,24.51513888888889,47.0,22.1,24,26.743958333333335,88.46041666666667,0.24069444444444443,213.12725694444444,,,
2025-02-16,34.3,23.5,99.0,68.0,5108.817,4.5,9.3,26.074305555555554,52.0,23.5,24,27.85631944444444,90.66875,0.20638888888888887,212.867375,,,
2025-02-17,36.9,24.2,99.0,57.0,4007.307,10.1,27.9,26.472638888888888,58.0,24.2,24,28.10826388888889,91.52638888888889,0.20368055555555553,166.971125,,,
2025-02-18,26.7,21.4,99.0,79.0,1265.9833333333333,5.6,43.8,23.29375,26.7,21.4,24,23.833541666666665,96.62013888888889,0.19430555555555554,52.74930555555556,,,
2025-02-19,31.1,21.4,99.0,68.0,3531.833833333333,4.5,16.2,23.13513888888889,40.0,21.4,24,24.165208333333336,94.14166666666667,0.17173611111111112,147.15974305555554,,,
2025-02-20,32.0,21.6,99.0,66.0,3583.8141666666666,7.8,7.2,24.32986111111111,44.0,21.6,24,25.780486111111113,92.06597222222223,0.19743055555555555,149.32559027777776,,,
2025-02-21,32.8,23.2,99.0,61.0,3850.206,4.5,0.0,24.194930555555555,42.0,23.2,24,26.417152777777776,88.17430555555556,0.2597916666666667,160.42525,,,
2025-02-22,33.3,22.2,99.0,59.0,4852.288333333333,6.7,0.0,23.69451388888889,44.0,22.2,24,26.373125,86.13333333333333,0.331875,202.17868055555553,,,
2025-02-23,33.0,21.7,99.0,55.0,5341.257666666666,6.7,0.0,23.341458333333332,42.0,21.7,24,26.259027777777778,85.17916666666666,0.37069444444444444,222.55240277777776,,,
2025-02-24,33.6,20.7,99.0,59.0,5139.4845000000005,5.6,0.0,23.945208333333333,46.0,20.7,24,26.50979166666667,86.92291666666667,0.3438888888888889,214.14518750000002,,,
2025-02-25,34.6,23.3,99.0,59.0,5285.061333333333,5.6,0.0,25.088055555555556,49.0,23.3,24,27.635347222222222,87.0798611111111,0.37374999999999997,220.2108888888889,,,
2025-02-26,34.8,23.0,99.0,57.0,5480.178166666667,5.6,0.0,25.181041666666665,50.0,23.0,24,28.051666666666666,85.72708333333333,0.3317361111111111,228.34075694444445,,,
2025-02-27,34.1,22.9,99.0,63.0,5305.136333333333,5.6,0.0,25.26625,48.0,22.9,24,27.63756944444444,87.74236111111111,0.4033333333333333,221.04734722222221,,,
2025-02-28,34.5,21.3,99.0,58.0,5545.1815,6.7,0.0,24.039930555555557,45.0,21.3,24,26.904861111111114,85.59305555555557,0.3554861111111111,231.04922916666666,,,
2025-03-01,35.2,22.4,99.0,54.0,6058.870333333333,5.6,0.0,24.421180555555555,47.0,22.4,24,27.77548611111111,83.60902777777778,0.3421527777777778,252.45293055555555,,,
2025-03-02,35.5,22.7,99.0,50.0,6207.003833333333,6.7,0.0,24.62826388888889,47.0,22.7,24,27.71013888888889,85.00277777777778,0.38472222222222224,258.62515972222224,,,
2025-03-03,34.5,22.9,99.0,56.0,5725.8803333333335,6.7,0.0,24.174166666666668,45.0,22.9,24,27.231458333333332,84.87638888888888,0.3770833333333334,238.57834722222222,,,
2025-03-04,33.6,21.5,99.0,56.0,4844.961333333334,6.7,0.0,23.39111111111111,41.0,21.5,24,26.339375,85.22152777777778,0.5143055555555556,201.8733888888889,,,
2025-03-05,33.2,20.6,99.0,52.0,5165.094833333334,7.8,0.0,22.397569444444443,40.0,20.6,24,25.72923611111111,83.71944444444445,0.5134722222222222,215.21228472222222,,,
2025-03-06,33.5,20.9,99.0,43.0,5545.784333333333,10.1,0.0,21.856805555555557,39.0,20.9,24,25.98215277777778,80.76597222222222,0.6649305555555556,231.0743472222222,,,
2025-03-07,30.6,21.2,99.0,75.0,3421.480666666667,3.4,16.5,23.898402777777775,39.0,21.2,24,24.95472222222222,93.93055555555556,0.14819444444444443,142.56169444444444,,,
2025-03-08,33.6,21.5,99.0,57.0,5236.443,7.8,0.0,23.38527777777778,44.0,21.5,24,26.074583333333333,86.49583333333334,0.3474305555555555,218.185125,,,
2025-03-09,35.4,20.5,99.0,55.0,4933.7925,11.2,0.6,23.08361111111111,49.0,20.5,24,25.65597222222222,87.03888888888889,0.39868055555555554,205.57468749999998,,,
2025-03-10,25.5,20.7,99.0,74.0,1581.561333333333,4.5,7.2,21.554930555555554,25.5,20.7,24,23.030069444444447,91.49305555555556,0.14159722222222224,65.89838888888887,,,
2025-03-11,27.3,20.5,99.0,80.0,2155.9318333333335,3.4,3.9,22.459930555555555,30.0,20.5,24,23.13263888888889,95.85347222222224,0.09923611111111112,89.83049305555556,,,
2025-03-12,30.5,21.6,99.0,66.0,3459.9955,5.6,64.5,23.179513888888888,36.0,21.6,24,24.175138888888892,94.30069444444445,0.21958333333333335,144.16647916666668,,,
2025-03-13,31.3,21.4,99.0,68.0,3655.5508333333332,6.7,8.1,23.113194444444446,40.0,21.4,24,24.774930555555557,90.90416666666665,0.2652777777777778,152.31461805555554,,,
2025-03-14,29.6,20.4,99.0,58.0,2783.537333333333,5.6,1.2,21.615833333333335,33.0,20.4,24,23.61402777777778,89.24513888888889,0.12527777777777777,115.98072222222221,,,
2025-03-15,26.3,19.4,99.0,65.0,2307.7291666666665,4.5,0.9,20.669583333333335,26.3,19.4,24,22.25916666666667,91.17638888888888,0.07465277777777778,96.15538194444444,,,
2025-03-16,28.5,19.9,99.0,59.0,2533.7218333333335,3.4,0.3,21.130416666666665,31.0,19.9,24,22.63076388888889,91.79097222222221,0.07923611111111112,105.57174305555556,,,
2025-03-17,30.6,19.5,99.0,64.0,3505.7726666666667,4.5,3.6,21.962430555555557,37.0,19.5,24,23.534513888888892,91.43541666666665,0.19409722222222223,146.0738611111111,,,
2025-03-18,30.4,19.6,99.0,63.0,3038.7395,4.5,1.2,21.845347222222223,37.0,19.6,24,23.50701388888889,91.06319444444445,0.08534722222222223,126.61414583333334,,,
2025-03-19,31.2,18.0,99.0,50.0,5427.638782196969,5.6,0.0,20.219842406876793,37.0,18.0,24,23.78351957070707,82.19801925505051,0.36915325126262627,226.1516159248737,,,
2025-03-20,30.9,17.0,99.0,51.0,4756.343666666667,7.8,0.6,19.928958333333334,35.0,17.0,24,23.25111111111111,83.40416666666667,0.3161805555555556,198.1809861111111,,,
2025-03-21,31.1,18.4,99.0,47.0,4693.2315,5.6,0.3,20.07409722222222,34.0,18.4,24,23.253194444444446,84.30624999999999,0.3120833333333333,195.5513125,,,
2025-03-22,30.6,15.8,99.0,58.0,4210.533333333334,6.7,0.3,20.261666666666667,34.0,15.8,24,23.011041666666667,85.81041666666665,0.41729166666666667,175.4388888888889,,,
2025-03-23,31.9,20.3,99.0,62.0,3611.6883333333335,5.6,0.6,22.70513888888889,38.0,20.3,24,24.455486111111114,90.68055555555556,0.23680555555555557,150.4870138888889,,,
2025-03-24,34.3,20.1,99.0,57.0,4814.4473333333335,5.6,0.0,22.84777777777778,44.0,20.1,24,25.541319444444444,86.47569444444444,0.23180555555555557,200.60197222222223,,,
2025-03-25,31.9,21.2,99.0,62.0,3976.5174999999995,6.7,5.4,23.303819444444443,40.0,21.2,24,25.726388888888888,87.06527777777778,0.48854166666666665,165.68822916666664,,,
2025-03-26,24.7,21.7,99.0,91.0,1132.6825,2.2,81.0,22.33826388888889,24.7,21.7,24,22.604027777777777,98.11944444444445,0.05833333333333334,47.19510416666666,,,
2025-03-27,31.4,21.3,99.0,67.0,3714.0093333333334,5.6,3.9,22.77583333333333,39.0,21.3,24,24.419583333333332,91.02708333333334,0.2296527777777778,154.7503888888889,,,
2025-03-28,31.6,21.4,99.0,63.0,3510.2891666666665,4.5,0.0,23.452222222222222,39.0,21.4,24,25.253680555555558,90.30277777777779,0.19694444444444445,146.2620486111111,,,
2025-03-29,33.7,22.1,99.0,58.0,4798.7695,5.6,0.0,24.006666666666664,45.0,22.1,24,26.473958333333332,87.35069444444444,0.24881944444444445,199.94872916666668,,,
2025-03-30,32.6,21.5,99.0,57.0,4021.291833333333,5.6,0.0,23.474791666666665,41.0,21.5,24,26.04847222222222,86.85000000000001,0.24416666666666667,167.5538263888889,,,
2025-03-31,34.0,19.9,99.0,47.0,5162.321333333333,5.6,0.0,22.274375,43.0,19.9,24,25.49965277777778,84.33958333333334,0.3488194444444444,215.0967222222222,,,
2025-04-01,32.2,21.9,99.0,58.0,3784.6613333333335,11.2,0.0,23.409930555555558,39.0,21.9,24,25.816597222222224,87.4548611111111,0.4403472222222222,157.69422222222224,,,
2025-04-02,33.2,22.1,99.0,60.0,4389.3875,5.6,0.0,23.856458333333336,43.0,22.1,24,26.129791666666666,88.33472222222223,0.24465277777777775,182.89114583333333,,,
2025-04-03,34.3,22.5,99.0,57.0,2718.1611666666668,6.7,0.6,23.905625,44.0,22.5,24,25.559930555555557,91.19444444444444,0.30277777777777776,113.25671527777779,,,
2025-04-04,27.0,17.3,99.0,69.0,1266.9773333333333,6.7,4.5,19.797847222222224,30.0,17.3,24,21.646944444444443,89.33055555555556,0.28381944444444446,52.79072222222222,,,
2025-04-05,24.4,15.8,99.0,63.0,2113.088333333333,9.0,7.2,16.422083333333333,24.4,15.8,24,19.51423611111111,83.02986111111112,0.3729861111111111,88.04534722222222,,,
2025-04-06,27.2,16.5,99.0,48.0,3752.32,5.6,0.9,17.630833333333335,28.0,16.5,24,20.30666666666667,86.23402777777778,0.26687500000000003,156.34666666666666,,,
2025-04-07,24.9,15.7,99.0,76.0,2057.762333333333,4.5,3.0,18.93236111111111,24.9,15.7,24,20.015833333333333,93.61527777777779,0.11347222222222224,85.74009722222222,,,
2025-04-08,26.7,17.6,99.0,65.0,1934.4862592592592,7.8,22.5,19.780905923344946,26.7,17.6,24,21.1758648989899,92.17582070707071,0.2150077160493827,80.60359413580247,,,
2025-04-09,30.1,18.8,99.0,65.0,2860.4223333333334,4.5,4.5,21.448819444444442,35.0,18.8,24,22.509375000000002,93.98472222222222,0.1366666666666667,119.18426388888889,,,
2025-04-10,25.6,19.9,99.0,81.0,1268.9776666666667,4.5,6.3,21.10451388888889,25.6,19.9,24,21.67576388888889,96.40902777777778,0.08541666666666668,52.874069444444444,,,
2025-04-11,23.8,17.6,99.0,85.0,1640.0575000000001,4.5,7.2,20.271597222222223,23.8,17.6,24,20.838333333333335,96.40138888888889,0.13854166666666667,68.33572916666667,,,
2025-04-12,28.2,17.6,99.0,70.0,2713.650833333333,4.5,2.7,20.466458333333335,32.0,17.6,24,21.543333333333333,93.80486111111111,0.13402777777777777,113.06878472222222,,,
2025-04-13,26.2,19.5,99.0,76.0,1636.8926666666666,4.5,29.1,21.05472222222222,26.2,19.5,24,21.69736111111111,96.08472222222223,0.076875,68.20386111111111,,,
2025-04-14,24.2,17.5,99.0,79.0,1327.2348333333334,3.4,1.2,19.61,24.2,17.5,24,20.252569444444443,95.96388888888889,0.058402777777777776,55.30145138888889,,,
2025-04-15,24.7,17.3,99.0,75.0,1545.0518333333332,3.4,0.0,19.421180555555555,24.7,17.3,24,20.402569444444442,94.15972222222223,0.0767361111111111,64.37715972222222,,,
2025-04-16,28.6,18.7,99.0,63.0,2973.7891666666665,4.5,0.0,20.250208333333333,31.0,18.7,24,22.004722222222224,90.40763888888888,0.13770833333333335,123.90788194444444,,,
2025-04-17,28.7,18.7,99.0,69.0,2361.1023333333333,4.5,0.0,21.07173611111111,32.0,18.7,24,22.745069444444443,90.69791666666667,0.15958333333333333,98.37926388888889,,,
2025-04-18,31.7,19.8,99.0,61.0,3749.5758333333333,5.6,0.0,22.11451388888889,37.0,19.8,24,24.345069444444444,88.23819444444445,0.2325,156.23232638888888,,,
2025-04-19,30.6,19.7,99.0,67.0,2047.6338333333335,5.6,15.3,21.74277777777778,37.0,19.7,24,22.689166666666665,94.6423611111111,0.17777777777777778,85.3180763888889,,,
2025-04-20,24.8,18.2,99.0,63.0,2052.7978333333335,4.5,0.0,18.423680555555556,24.8,18.2,24,20.307708333333334,89.41250000000001,0.1638888888888889,85.53324305555556,,,
2025-04-21,23.6,17.8,98.0,71.0,1309.5848333333333,3.4,0.0,17.896944444444443,23.6,17.8,24,19.443125,91.07222222222221,0.06881944444444445,54.56603472222222,,,
2025-04-22,27.5,16.4,99.0,53.0,3087.023833333333,4.5,0.0,17.616666666666667,29.0,16.4,24,20.31076388888889,85.81458333333335,0.245,128.62599305555554,,,
2025-04-23,28.4,14.3,99.0,57.0,3239.0713333333333,4.5,0.0,17.669722222222223,30.0,14.3,24,19.94263888888889,88.12986111111111,0.2366666666666667,134.96130555555555,,,
2025-04-24,24.3,16.3,99.0,75.0,1461.2395,2.2,0.3,18.154722222222222,24.3,16.3,24,19.075625,94.46805555555555,0.04756944444444445,60.88497916666666,,,
2025-04-25,28.7,17.2,99.0,58.0,2829.150166666667,4.5,0.0,18.834027777777777,31.0,17.2,24,20.743402777777778,89.74166666666667,0.171875,117.88125694444444,,,
2025-04-26,27.5,17.5,99.0,67.0,1955.9400833333334,3.4,0.0,20.182559339525284,271.0,0.0,18,21.94269607843137,90.66519607843138,0.1212037037037037,115.05529901960784,,,
2025-04-27,29.9,16.6,99.0,63.0,3150.6226666666666,3.4,0.0,20.252595494613125,34.0,16.6,20,22.03957430875576,90.12868279569892,0.14660215053763442,165.8222456140351,,,
2025-04-28,28.4,17.3,99.0,64.0,2022.0140833333332,6.7,0.6,19.70068317677199,759.0,0.6,22,21.708181818181817,89.21628787878788,0.33840909090909094,91.90973106060606,,,
2025-04-29,26.8,12.4,99.0,45.0,4054.5758333333333,6.7,0.0,15.108819444444444,27.0,12.4,24,18.65791666666667,82.68263888888889,0.2795138888888889,168.94065972222222,,,
2025-04-30,25.7,14.8,99.0,59.0,2869.6163333333334,5.6,0.0,16.59715277777778,25.7,14.8,24,19.184652777777778,86.18333333333334,0.2584722222222222,119.56734722222222,,,
2025-05-01,26.7,14.9,99.0,58.0,3113.4925000000003,5.6,0.0,17.062013888888888,26.7,14.9,24,19.371875,87.5763888888889,0.2596527777777778,129.72885416666668,,,
2025-05-02,27.4,15.4,99.0,63.0,2866.5306666666665,5.6,0.0,17.884652777777777,29.0,15.4,24,19.876527777777778,89.23472222222222,0.2395138888888889,119.43877777777777,,,
2025-05-03,29.4,15.9,99.0,51.0,3439.9038333333333,5.6,0.0,18.14236111111111,31.0,15.9,24,20.518958333333334,87.92708333333333,0.22458333333333336,143.3293263888889,,,
2025-05-04,28.7,15.1,99.0,0.0,3022.0350307017543,5.6,,18.318922852983988,31.0,10.0,24,20.324765417331207,89.2858788912517,0.2010048358074674,125.91812627923976,,,
2025-05-05,28.3,16.9,99.0,61.0,3293.168833333333,6.7,0.3,18.989893992932863,30.0,16.9,24,21.02123015873016,89.10277777777777,0.33902777777777776,137.21536805555556,,,
2025-05-06,29.5,16.2,99.0,56.0,3186.4635,4.5,0.0,19.131319444444443,32.0,16.2,24,21.233472222222222,89.0,0.18840277777777778,132.76931249999998,,,
2025-05-07,27.7,17.7,99.0,68.0,1890.4771666666668,3.4,0.0,20.36,30.0,17.7,24,21.64986111111111,92.66388888888889,0.06736111111111111,78.76988194444445,,,
2025-05-08,29.5,18.3,99.0,67.0,2989.272747126437,3.4,0.3,21.041875,34.0,18.3,24,22.633333333333336,91.39375,0.17492937853107346,124.55303113026821,,,
2025-05-09,33.7,21.0,99.0,63.0,3247.246333333333,11.2,1.8,22.819930555555555,45.0,21.0,24,24.987291666666668,88.57222222222221,0.355625,135.30193055555554,,,
2025-05-10,27.8,15.7,99.0,59.0,2339.3916666666664,6.7,0.6,19.298958333333335,30.0,15.7,24,21.045486111111114,90.43194444444445,0.20062500000000003,97.47465277777776,,,
2025-05-11,25.9,12.5,99.0,51.0,2153.0768333333335,9.0,0.0,15.59715277777778,25.9,12.5,24,18.292430555555555,85.49166666666667,0.30124999999999996,89.71153472222223,,,
2025-05-12,25.0,15.7,99.0,69.0,2046.6451666666667,4.5,6.6,17.20826388888889,25.0,15.7,24,18.631666666666668,91.62291666666665,0.245,85.27688194444444,,,
2025-05-13,24.3,17.9,99.0,83.0,1652.2921666666666,4.5,27.3,19.024791666666665,24.3,17.9,24,19.626180555555553,96.17152777777778,0.15944444444444447,68.84550694444444,,,
2025-05-14,26.5,17.1,99.0,70.0,2029.578,3.4,7.5,19.313125,26.5,17.1,24,20.009305555555553,95.74027777777779,0.08277777777777777,84.56575,,,
2025-05-15,24.8,16.4,99.0,75.0,1954.0725,3.4,0.3,18.857916666666668,24.8,16.4,24,19.756249999999998,94.61527777777779,0.09881944444444445,81.4196875,,,
2025-05-16,28.9,15.9,99.0,63.0,3009.912333333333,3.4,1.8,19.45875,32.0,15.9,24,20.882083333333334,92.08958333333334,0.15243055555555554,125.41301388888888,,,
2025-05-17,27.4,17.4,99.0,67.0,2455.3995,3.4,0.0,19.752847222222222,29.0,17.4,24,21.14673611111111,92.21527777777777,0.13145833333333334,102.3083125,,,
2025-05-18,30.2,17.3,99.0,59.0,3125.0833333333335,4.5,0.0,20.359861111111112,35.0,17.3,24,22.284513888888892,89.85208333333333,0.1886111111111111,130.21180555555557,,,
2025-05-19,26.4,19.8,99.0,80.0,1201.132,3.4,0.6,21.035625,26.4,19.8,24,21.850347222222222,95.02777777777777,0.138125,50.04716666666667,,,
2025-05-20,30.3,19.0,99.0,64.0,2814.9796666666666,4.5,11.1,21.621041666666667,37.0,19.0,24,23.239652777777778,91.12430555555557,0.19770833333333335,117.29081944444444,,,
2025-05-21,21.3,17.8,99.0,91.0,777.3726666666666,3.4,25.5,19.502916666666668,21.3,17.8,24,19.82777777777778,97.78611111111111,0.12034722222222223,32.39052777777778,,,
2025-05-22,17.9,16.0,99.0,94.0,507.49533333333335,2.2,11.7,16.719513888888887,17.9,16.0,24,16.922638888888887,98.45277777777778,0.09416666666666668,21.14563888888889,,,
2025-05-23,19.2,15.9,99.0,90.0,1056.55,3.4,6.3,16.79986111111111,19.2,15.9,24,17.075694444444444,98.0125,0.07222222222222223,44.02291666666667,,,
2025-05-24,20.3,17.1,99.0,93.0,932.477,3.4,11.1,18.234375,20.3,17.1,24,18.455625,98.35069444444444,0.05388888888888888,38.853208333333335,,,
2025-05-25,27.1,16.6,99.0,61.0,2627.1051666666667,4.5,1.2,19.03893557422969,29.0,16.6,24,20.238663194444445,93.14166666666667,0.15270833333333333,109.46271527777778,,,
2025-05-26,28.3,17.6,99.0,66.0,2930.4933333333333,6.7,0.0,20.036666666666665,31.0,17.6,24,21.729791666666667,90.75138888888888,0.19270833333333334,122.10388888888889,,,
2025-05-27,28.9,17.1,99.0,67.0,2576.5043333333333,3.4,0.0,20.514444444444443,33.0,17.1,24,21.774305555555557,92.92152777777778,0.11930555555555555,107.35434722222222,,,
2025-05-28,23.6,13.7,99.0,68.0,702.9208333333333,6.7,0.3,18.568055555555556,23.6,13.7,24,20.048125,91.25347222222223,0.2920833333333333,29.288368055555555,,,
2025-05-29,22.5,9.1,96.0,42.0,2979.301,7.8,0.0,9.583402777777778,22.5,9.1,24,14.344027777777777,75.35277777777777,0.48430555555555554,124.13754166666666,,,
2025-05-30,22.5,6.6,99.0,49.0,3023.9341666666664,4.5,0.0,10.499027777777778,22.5,6.6,24,13.327361111111111,85.38680555555555,0.19618055555555555,125.99725694444443,,,
2025-05-31,25.4,8.4,99.0,53.0,2919.291333333333,5.6,0.0,13.08576388888889,25.4,8.4,24,15.357013888888888,88.13819444444444,0.19006944444444443,121.63713888888888,,,
2025-06-01,23.8,11.5,99.0,56.0,2209.0436666666665,4.5,0.0,14.410972222222222,23.8,11.5,24,16.580625,87.97916666666667,0.27979166666666666,92.04348611111111,,,
2025-06-02,18.6,15.6,99.0,91.0,595.824,2.2,3.0,16.33375,18.6,15.6,24,16.68201388888889,97.62986111111111,0.07097222222222223,24.825999999999997,,,
2025-06-03,24.8,16.1,99.0,76.0,1521.8326666666667,4.5,9.9,17.93409722222222,24.8,16.1,24,18.49888888888889,96.41250000000001,0.07409722222222222,63.40969444444445,,,
2025-06-04,29.3,16.4,99.0,66.0,2738.5835,3.4,0.9,19.527638888888887,34.0,16.4,24,20.88861111111111,92.45694444444445,0.11458333333333333,114.10764583333334,,,
2025-06-05,20.6,16.6,99.0,94.0,598.4458333333333,5.6,12.3,19.126805555555556,20.6,16.6,24,19.355,98.27916666666665,0.17618055555555556,24.935243055555556,,,
2025-06-06,23.9,17.4,99.0,68.0,1772.7623333333333,5.6,0.9,17.785763888888887,23.9,17.4,24,19.124166666666667,92.13263888888889,0.2577777777777778,73.86509722222222,,,
2025-06-07,18.3,16.4,99.0,95.0,620.1588333333333,3.4,14.7,17.142083333333332,18.3,16.4,24,17.358472222222222,98.38958333333333,0.056388888888888884,25.83995138888889,,,
2025-06-08,21.7,16.2,99.0,81.0,1125.1033333333335,4.5,5.7,17.464652777777776,21.7,16.2,24,18.09958333333333,95.96180555555556,0.12715277777777778,46.87930555555556,,,
2025-06-09,19.3,14.5,99.0,77.0,900.9126666666666,5.6,12.0,15.837291666666667,19.3,14.5,24,16.32923611111111,96.75694444444444,0.08381944444444445,37.53802777777778,,,
2025-06-10,22.3,11.1,99.0,64.0,2222.8061666666667,3.4,0.6,13.782430555555557,22.3,11.1,24,14.955416666666666,93.2013888888889,0.1175,92.61692361111112,,,
2025-06-11,21.9,8.3,99.0,38.0,2762.326666666667,6.7,0.0,11.167152777777778,21.9,8.3,24,13.341666666666667,88.47152777777778,0.25604166666666667,115.09694444444445,,,
2025-06-12,21.6,7.7,99.0,65.0,1600.1111666666668,4.5,0.9,11.74826388888889,21.6,7.7,24,12.790555555555557,93.79375,0.1120138888888889,66.67129861111111,,,
2025-06-13,19.2,11.4,99.0,87.0,1569.7221666666667,4.5,8.1,14.8,19.2,11.4,24,15.302916666666667,96.66458333333333,0.17055555555555554,65.40509027777777,,,
2025-06-14,23.3,13.9,99.0,65.0,2406.2376666666664,7.8,4.5,16.030486111111113,23.3,13.9,24,17.64645833333333,90.9513888888889,0.5510416666666667,100.25990277777777,,,
2025-06-15,24.1,13.8,99.0,73.0,1670.9705,5.6,8.1,15.903888888888888,24.1,13.8,24,16.597916666666666,95.75625000000001,0.1613888888888889,69.62377083333332,,,
2025-06-16,22.4,12.7,99.0,79.0,1321.3161666666667,2.2,0.3,16.423194444444444,22.4,12.7,24,17.066875,95.94930555555555,0.06513888888888889,55.05484027777778,,,
2025-06-17,27.4,15.0,99.0,69.0,2492.3688333333334,3.4,0.0,18.10826388888889,30.0,15.0,24,19.308819444444442,93.13333333333333,0.13215277777777779,103.8487013888889,,,
2025-06-18,27.1,16.0,99.0,69.0,2416.681833333333,4.5,0.3,18.965,29.0,16.0,24,20.138055555555557,93.27430555555556,0.2202777777777778,100.69507638888888,,,
2025-06-19,25.9,17.0,99.0,71.0,1808.8898333333334,3.4,0.0,19.069444444444443,25.9,17.0,24,20.179930555555554,93.50138888888888,0.10263888888888889,75.37040972222222,,,
2025-06-20,26.6,17.4,99.0,71.0,1709.3978333333332,6.7,3.6,19.19736111111111,26.6,17.4,24,20.1725,94.2923611111111,0.15194444444444444,71.22490972222222,,,
2025-06-21,25.8,12.8,99.0,53.0,2628.56,6.7,0.3,15.74125,25.8,12.8,24,17.724930555555556,89.45277777777778,0.18145833333333336,109.52333333333333,,,
2025-06-22,23.8,15.7,99.0,75.0,1308.7468333333334,3.4,3.3,17.306875,23.8,15.7,24,17.877916666666668,96.36736111111111,0.09430555555555555,54.53111805555556,,,
2025-06-23,19.2,10.6,99.0,94.0,583.8578333333334,6.7,13.2,16.23986111111111,19.2,10.6,24,16.447708333333335,98.42916666666667,0.17402777777777778,24.327409722222225,,,
2025-06-24,18.5,4.2,99.0,27.0,2780.8961666666664,5.6,0.0,5.224236111111111,18.5,2.7,24,9.808541666666667,77.42361111111111,0.4103472222222222,115.8706736111111,,,
2025-06-25,21.0,1.9,99.0,41.0,2693.637333333333,9.0,0.0,6.997152777777777,21.0,1.9,24,9.9025,85.44375000000001,0.38798611111111114,112.23488888888888,,,
2025-06-26,14.2,7.5,99.0,96.0,363.30699999999996,4.5,33.9,11.791597222222224,14.2,7.5,24,11.922291666666666,98.82847222222222,0.13805555555555557,15.137791666666665,,,
2025-06-27,17.5,14.0,99.0,83.0,728.1385,3.4,0.9,14.330763888888889,17.5,14.0,24,14.788194444444443,96.88819444444444,0.07736111111111112,30.33910416666667,,,
2025-06-28,18.0,13.8,99.0,90.0,810.8054999999999,3.4,8.7,15.108125000000001,18.0,13.8,24,15.45263888888889,97.61736111111111,0.06979166666666667,33.783562499999995,,,
2025-06-29,24.2,15.3,99.0,76.0,1395.0415,5.6,2.4,17.163819444444446,24.2,15.3,24,17.71527777777778,96.48402777777778,0.2325,58.12672916666667,,,
2025-06-30,17.3,12.2,99.0,90.0,665.0145,3.4,6.3,13.70298611111111,17.3,12.2,24,14.090625000000001,97.3888888888889,0.1478472222222222,27.7089375,,,
2025-07-01,14.9,9.6,99.0,76.0,1003.5831666666667,4.5,1.5,10.652013888888888,14.9,9.6,24,11.656041666666667,93.61180555555556,0.06597222222222222,41.81596527777778,,,
2025-07-02,13.0,9.8,99.0,81.0,823.4943333333333,3.4,1.5,10.273333333333333,13.0,9.8,24,10.90611111111111,95.77847222222222,0.031180555555555555,34.312263888888886,,,
2025-07-03,18.7,9.8,99.0,66.0,1465.5061666666666,4.5,1.2,12.002152777777777,18.7,9.8,24,13.163125,93.04791666666667,0.11118055555555556,61.06275694444444,,,
2025-07-04,17.7,12.4,99.0,88.0,1048.7053333333333,3.4,5.4,14.068194444444446,17.7,12.4,24,14.432777777777778,97.46944444444443,0.012569444444444444,43.69605555555555,,,
2025-07-05,23.2,12.6,99.0,66.0,2419.483,3.4,0.9,14.852083333333333,23.2,12.6,24,15.956319444444444,93.52638888888889,0.08527777777777779,100.81179166666668,,,
2025-07-06,22.6,9.4,99.0,61.0,2020.8806666666667,4.5,0.0,13.422500000000001,22.6,9.4,24,14.614583333333334,93.07777777777778,0.12562500000000001,84.20336111111111,,,
2025-07-07,23.2,6.5,99.0,58.0,2725.389166666667,3.4,0.0,11.336458333333333,23.2,6.5,24,12.940694444444444,91.09375,0.12694444444444444,113.55788194444445,,,
2025-07-08,25.1,7.8,99.0,53.0,2899.6365,7.8,0.3,12.655555555555555,25.1,7.8,24,14.803125,88.3298611111111,0.20333333333333334,120.81818750000001,,,
2025-07-09,23.6,11.5,99.0,55.0,2827.5206666666663,5.6,0.0,13.86111111111111,23.6,11.5,24,16.21708333333333,87.44652777777777,0.2890972222222222,117.81336111111109,,,
2025-07-10,21.2,9.9,99.0,73.0,1437.8,4.5,0.0,14.161319444444445,21.2,9.9,24,15.278958333333334,93.25486111111111,0.11972222222222223,59.90833333333333,,,
2025-07-11,24.1,14.6,99.0,64.0,2312.1896666666667,4.5,0.0,15.920277777777779,24.1,14.6,24,17.560972222222222,90.80486111111111,0.16784722222222223,96.34123611111112,,,
2025-07-12,21.0,15.2,99.0,84.0,1228.0408333333332,5.6,0.0,16.551180555555558,21.0,15.2,24,17.445833333333333,94.45972222222223,0.2913194444444444,51.168368055555554,,,
2025-07-13,25.3,15.5,99.0,70.0,1823.1736666666666,5.6,0.0,17.159166666666668,25.3,15.5,24,18.311319444444447,93.27708333333334,0.1657638888888889,75.96556944444444,,,
2025-07-14,25.3,14.9,99.0,66.0,2612.1766666666667,4.5,0.0,16.59548611111111,25.3,14.9,24,18.282083333333333,90.53194444444445,0.22611111111111112,108.84069444444445,,,
2025-07-15,25.9,13.8,99.0,63.0,2879.007333333333,5.6,0.0,16.30736111111111,25.9,13.8,24,18.106458333333332,90.03263888888888,0.27145833333333336,119.95863888888887,,,
2025-07-16,26.0,13.1,99.0,60.0,2845.884,5.6,0.0,16.340555555555557,26.0,13.1,24,18.113194444444442,90.33263888888888,0.23756944444444447,118.5785,,,
2025-07-17,26.6,12.8,99.0,53.0,2711.4235,3.4,0.0,16.930555555555557,26.6,12.8,24,18.73902777777778,90.08749999999999,0.1551388888888889,112.97597916666666,,,
2025-07-18,24.5,9.2,99.0,43.0,3022.1023333333333,7.8,0.0,11.52361111111111,24.5,9.2,24,15.843541666666667,77.96736111111112,0.49180555555555555,125.92093055555556,,,
2025-07-19,21.8,7.6,99.0,61.0,2352.121,5.6,0.0,12.008819444444445,21.8,7.6,24,14.076805555555554,88.44791666666667,0.24520833333333333,98.00504166666667,,,
2025-07-20,23.7,10.1,99.0,58.0,2764.9275000000002,5.6,0.0,13.485416666666667,23.7,10.1,24,15.588194444444445,88.56458333333335,0.2392361111111111,115.2053125,,,
2025-07-21,25.0,11.2,99.0,50.0,3071.443166666667,3.4,0.0,13.453402777777779,25.0,11.2,24,16.09277777777778,86.28402777777778,0.20291666666666666,127.97679861111112,,,
2025-07-22,26.7,8.3,99.0,53.0,2807.6116666666667,5.6,0.0,13.685555555555556,26.7,8.3,24,15.580902777777778,89.94513888888889,0.1451388888888889,116.98381944444445,,,
2025-07-23,21.3,10.7,99.0,76.0,1455.3903333333333,9.0,0.0,13.861805555555556,21.3,10.7,24,15.474583333333333,90.30347222222223,0.5359722222222222,60.641263888888886,,,
2025-07-24,15.2,13.3,99.0,87.0,339.25416666666666,2.2,5.7,13.484930555555556,15.2,13.3,24,13.905208333333334,97.18888888888888,0.022083333333333333,14.135590277777778,,,
2025-07-25,21.3,13.4,99.0,80.0,1645.3493333333333,5.6,2.1,15.571944444444444,21.3,13.4,24,16.308680555555558,95.38055555555555,0.15083333333333335,68.55622222222222,,,
2025-07-26,27.0,15.8,99.0,64.0,2905.520833333333,5.6,0.0,17.434583333333332,28.0,15.8,24,19.300277777777776,89.8125,0.2275,121.06336805555554,,,
2025-07-27,22.5,17.1,99.0,82.0,1039.2875000000001,3.4,11.7,17.889861111111113,22.5,17.1,24,18.685625,95.04305555555555,0.11305555555555556,43.30364583333334,,,
2025-07-28,27.6,14.7,99.0,40.0,3232.751333333333,12.3,0.6,14.538194444444445,29.0,14.7,24,20.108541666666667,72.80694444444444,1.285486111111111,134.6979722222222,,,
2025-07-29,23.5,7.3,98.0,30.0,3270.3256666666666,10.1,0.0,7.817569444444444,23.5,7.3,24,14.040138888888889,71.06388888888888,0.45965277777777774,136.26356944444444,,,
2025-07-30,22.4,4.8,99.0,38.0,3370.8795,7.8,0.0,7.6390972222222215,22.4,4.8,24,11.57625,81.19027777777778,0.29250000000000004,140.4533125,,,
2025-07-31,22.0,4.6,99.0,54.0,2532.0628333333334,6.7,0.0,9.444305555555555,22.0,4.6,24,11.912291666666667,86.88402777777777,0.34229166666666666,105.50261805555556,,,
2025-08-01,23.4,9.9,99.0,62.0,2389.7775,11.2,0.0,13.77,23.4,9.9,24,15.986875,87.75347222222223,0.4072222222222222,99.57406250000001,,,
2025-08-02,25.3,14.3,99.0,64.0,2584.8378333333335,5.6,0.0,16.234791666666666,25.3,14.3,24,18.225347222222222,89.01319444444444,0.18444444444444444,107.7015763888889,,,
2025-08-03,22.8,13.2,99.0,76.0,1387.5415,10.1,0.0,15.983888888888888,22.8,13.2,24,16.932777777777776,94.17430555555556,0.36368055555555556,57.81422916666667,,,
2025-08-04,24.5,15.6,99.0,69.0,1756.66,4.5,0.9,17.016180555555554,24.5,15.6,24,18.667777777777776,90.38472222222224,0.29138888888888886,73.19416666666667,,,
2025-08-05,17.8,13.5,99.0,86.0,810.6795000000001,3.4,10.2,14.819166666666666,17.8,13.5,24,15.431944444444445,96.11874999999999,0.13805555555555557,33.778312500000006,,,
2025-08-06,19.0,13.2,99.0,79.0,1386.1336666666668,3.4,3.3,14.590069444444445,19.0,13.2,24,15.336319444444444,95.30902777777777,0.07423611111111111,57.755569444444454,,,
2025-08-07,24.8,13.1,99.0,62.0,3136.785,5.6,0.0,15.450902777777777,24.8,13.1,24,17.24215277777778,90.05902777777777,0.2354166666666667,130.699375,,,
2025-08-08,16.4,10.8,99.0,95.0,424.6865,5.6,30.0,14.437569444444444,16.4,10.8,24,14.670208333333333,98.26875,0.21416666666666664,17.695270833333336,,,
2025-08-09,20.9,7.0,99.0,44.0,3360.5396666666666,9.0,0.3,9.313958333333334,20.9,7.0,24,12.202291666666667,84.91875,0.36694444444444446,140.0224861111111,,,
2025-08-10,23.0,5.7,99.0,44.0,3492.467666666667,4.5,0.0,9.088125,23.0,5.7,24,12.457916666666668,83.17083333333333,0.2575,145.51948611111112,,,
2025-08-11,23.7,6.7,99.0,44.0,3394.8733333333334,5.6,0.0,10.326805555555556,23.7,6.7,24,13.347916666666665,84.62361111111112,0.3077083333333333,141.45305555555555,,,
2025-08-12,23.0,7.4,99.0,54.0,3640.9243333333334,6.7,0.0,11.355694444444445,23.0,7.4,24,13.75861111111111,87.26319444444444,0.3088194444444444,151.70518055555556,,,
2025-08-13,25.8,7.1,99.0,48.0,3793.197833333333,4.5,0.0,12.123402777777779,25.8,7.1,24,14.769166666666665,86.55416666666667,0.20791666666666667,158.04990972222222,,,
2025-08-14,20.3,9.2,99.0,67.0,1649.5006666666666,4.5,0.0,12.34201388888889,20.3,9.2,24,14.441249999999998,88.00069444444445,0.28208333333333335,68.72919444444445,,,
2025-08-15,17.5,12.0,99.0,81.0,757.228,2.2,3.0,13.935138888888888,17.5,12.0,24,14.767291666666667,94.76597222222222,0.06201388888888889,31.551166666666663,,,
2025-08-16,20.8,14.8,99.0,78.0,1367.5663333333334,6.7,8.1,15.508125,20.8,14.8,24,16.469791666666666,94.11041666666667,0.23527777777777778,56.98193055555556,,,
2025-08-17,25.8,13.0,99.0,58.0,3699.6923333333334,7.8,0.0,15.360069444444445,25.8,13.0,24,17.631319444444443,87.9263888888889,0.40479166666666666,154.15384722222223,,,
2025-08-18,24.8,14.5,99.0,64.0,2675.662333333333,7.8,0.0,16.62472222222222,24.8,14.5,24,18.536319444444445,89.09722222222223,0.4288194444444445,111.48593055555556,,,
2025-08-19,22.3,15.8,98.0,77.0,1402.1316666666667,13.4,0.0,16.99520833333333,22.3,15.8,24,18.760902777777776,89.72430555555555,1.0065972222222224,58.422152777777775,,,
2025-08-20,28.9,16.6,99.0,60.0,2355.3886666666667,6.7,1.2,18.28875,32.0,16.6,24,19.89625,91.15208333333334,0.4352777777777778,98.14119444444445,,,
2025-08-21,27.0,14.8,99.0,54.0,3130.4593333333332,7.8,0.0,16.561527777777776,28.0,14.8,24,19.372777777777777,85.3625,0.3879166666666667,130.43580555555556,,,
2025-08-22,27.7,14.1,99.0,65.0,3743.9135,5.6,0.0,17.391944444444444,30.0,14.1,24,19.419027777777778,89.00833333333333,0.3502083333333333,155.99639583333334,,,
2025-08-23,29.7,16.6,99.0,64.0,2994.9506666666666,7.8,0.0,18.861736111111114,34.0,16.6,24,20.989375,88.23472222222222,0.5985416666666666,124.78961111111111,,,
2025-08-24,17.8,12.9,99.0,76.0,743.0518333333333,6.7,21.9,13.425833333333333,17.8,12.9,24,14.90125,91.13194444444444,0.3826388888888889,30.960493055555556,,,
2025-08-25,18.1,12.9,99.0,81.0,1323.4814999999999,5.6,1.2,13.872430555555555,18.1,12.9,24,14.747708333333334,94.49374999999999,0.17840277777777777,55.145062499999995,,,
2025-08-26,16.5,14.5,99.0,97.0,504.51916666666665,3.4,9.3,15.015277777777778,16.5,14.5,24,15.214166666666666,98.50555555555555,0.10340277777777779,21.021631944444444,,,
2025-08-27,17.8,14.5,99.0,96.0,935.8296666666666,4.5,12.9,15.827569444444444,17.8,14.5,24,15.997916666666667,98.64791666666667,0.08763888888888889,38.99290277777778,,,
2025-08-28,18.8,15.8,99.0,94.0,803.7756666666667,3.4,5.4,16.786597222222223,18.8,15.8,24,16.987291666666668,98.46666666666665,0.022430555555555554,33.490652777777775,,,
2025-08-29,25.6,16.0,99.0,68.0,2471.216,4.5,0.3,17.61513888888889,25.6,16.0,24,18.976180555555555,92.07152777777777,0.22013888888888888,102.96733333333333,,,
2025-08-30,26.2,17.5,99.0,69.0,2441.0473333333334,5.6,0.3,18.384166666666665,26.2,17.5,24,19.93027777777778,91.19513888888889,0.28395833333333337,101.71030555555556,,,
2025-08-31,26.0,17.2,99.0,65.0,3062.2565,9.0,2.7,18.77777777777778,26.0,17.2,24,20.365902777777777,91.02847222222222,0.5374305555555555,127.59402083333333,,,
2025-09-01,24.6,19.2,99.0,75.0,1567.3438333333334,11.2,2.1,18.895972222222223,24.6,19.2,24,20.575625,90.09097222222222,1.1513888888888888,65.30599305555556,,,
2025-09-02,23.1,19.1,97.0,83.0,1155.09,10.1,0.6,18.803472222222222,23.1,19.1,24,20.394305555555558,90.49236111111111,1.074861111111111,48.12875,,,
2025-09-03,23.7,18.4,98.0,78.0,1493.3736666666666,5.6,0.3,18.911805555555556,23.7,18.4,24,20.383263888888887,91.31736111111111,0.1715972222222222,62.223902777777774,,,
2025-09-04,26.6,18.1,98.0,71.0,2077.4975,5.6,0.0,19.383194444444445,26.6,18.1,24,20.869097222222223,91.45416666666667,0.24145833333333333,86.56239583333333,,,
2025-09-05,18.4,13.8,99.0,89.0,493.135,6.7,9.0,15.78375,18.4,13.8,24,16.485972222222223,95.54027777777777,0.37472222222222223,20.547291666666666,,,
2025-09-06,15.2,12.1,99.0,85.0,933.0348333333334,4.5,5.4,12.732569444444445,15.2,12.1,24,13.349652777777777,95.94722222222221,0.11666666666666665,38.87645138888889,,,
2025-09-07,15.6,11.9,99.0,91.0,1016.0188333333333,3.4,3.0,13.36361111111111,15.6,11.9,24,13.696805555555557,97.64722222222223,0.05506944444444444,42.33411805555556,,,
2025-09-08,19.3,14.7,99.0,93.0,1259.7323333333334,3.4,5.1,16.787986111111113,19.3,14.7,24,17.153333333333332,97.54027777777777,0.22319444444444445,52.488847222222226,,,
2025-09-09,27.9,14.0,99.0,43.0,2689.47,6.7,2.7,17.80673611111111,29.0,14.0,24,19.558333333333334,90.80555555555556,0.38340277777777776,112.06124999999999,,,
2025-09-10,26.0,13.7,99.0,59.0,4226.053333333333,5.6,0.0,15.901805555555555,26.0,13.7,24,18.130555555555556,87.92430555555556,0.39590277777777777,176.08555555555554,,,
2025-09-11,27.8,12.3,99.0,54.0,4747.8275,6.7,0.0,15.941041666666665,29.0,12.3,24,18.70638888888889,85.77777777777777,0.42006944444444444,197.82614583333336,,,
2025-09-12,24.4,11.5,99.0,51.0,4412.620833333333,10.1,0.0,13.967569444444443,24.4,11.5,24,17.437986111111112,82.13888888888889,0.6097222222222222,183.8592013888889,,,
2025-09-13,21.9,10.3,99.0,62.0,2712.4465,6.7,0.0,13.43923611111111,21.9,10.3,24,15.82451388888889,86.72777777777777,0.3633333333333333,113.01860416666666,,,
2025-09-14,25.1,13.5,99.0,58.0,2942.329,7.8,0.0,15.74798611111111,25.1,13.5,24,18.62013888888889,84.30208333333333,0.6395833333333333,122.59704166666667,,,
2025-09-15,25.8,13.0,99.0,58.0,3149.5,7.8,0.0,16.32208333333333,25.8,13.0,24,19.08861111111111,85.16111111111111,0.5453472222222222,131.22916666666666,,,
2025-09-16,28.4,16.5,99.0,62.0,3286.4765,5.6,3.0,18.671944444444442,31.0,16.5,24,20.881597222222222,87.77430555555556,0.41618055555555555,136.93652083333333,,,
2025-09-17,26.8,17.9,97.0,65.0,2765.034666666667,6.7,0.0,18.26222222222222,28.0,17.9,24,20.78451388888889,85.93680555555557,0.5879166666666668,115.20977777777779,,,
2025-09-18,27.3,16.6,99.0,61.0,3809.9828333333335,6.7,0.6,18.290208333333336,29.0,16.6,24,20.59673611111111,87.49236111111111,0.4386805555555555,158.74928472222223,,,
2025-09-19,29.7,16.5,98.0,56.0,4035.935,6.7,0.3,18.71701388888889,32.0,16.5,24,21.367430555555558,86.02569444444445,0.40208333333333335,168.16395833333334,,,
2025-09-20,31.7,16.5,99.0,44.0,4431.7908333333335,5.6,0.0,19.051319444444445,35.0,16.5,24,22.27027777777778,84.26458333333333,0.2808333333333333,184.6579513888889,,,
2025-09-21,30.0,18.3,99.0,64.0,2794.251666666667,12.3,21.0,19.61541666666667,34.0,18.3,24,21.155763888888888,91.52569444444445,0.43430555555555556,116.42715277777779,,,
2025-09-22,26.5,13.6,99.0,67.0,1770.1955,9.0,50.7,18.595347222222223,26.5,13.6,24,19.548750000000002,94.34722222222223,0.4767361111111111,73.75814583333333,,,
2025-09-23,26.4,8.7,99.0,36.0,5370.992,7.8,0.3,11.271041666666665,26.4,8.7,24,16.371180555555558,76.84583333333333,0.49402777777777773,223.79133333333334,,,
2025-09-24,25.0,10.5,99.0,51.0,3300.4198333333334,11.2,0.0,13.828055555555556,25.0,10.5,24,16.798333333333336,84.41597222222222,0.4357638888888889,137.51749305555555,,,
2025-09-25,18.7,13.6,99.0,78.0,1001.1711666666666,6.7,2.1,14.631597222222222,18.7,13.6,24,16.099652777777777,91.11805555555556,0.4575,41.715465277777774,,,
2025-09-26,21.0,13.8,99.0,58.0,2121.3895,5.6,3.9,14.33875,21.0,13.8,24,16.34888888888889,88.80555555555556,0.22256944444444446,88.39122916666668,,,
2025-09-27,21.8,14.3,99.0,73.0,2223.8446666666664,10.1,4.5,15.775833333333335,21.8,14.3,24,17.382361111111113,90.55069444444445,0.5301388888888888,92.66019444444443,,,
2025-09-28,22.1,15.6,99.0,78.0,1380.0575,5.6,1.2,16.619791666666668,22.1,15.6,24,17.9325,92.05277777777776,0.18465277777777778,57.50239583333333,,,
2025-09-29,27.9,13.6,99.0,58.0,4428.556166666666,6.7,0.0,17.327291666666667,29.0,13.6,24,20.268958333333334,84.45277777777778,0.48486111111111113,184.5231736111111,,,
2025-09-30,26.6,17.0,98.0,69.0,3318.2665,10.1,26.1,18.850902777777776,26.6,17.0,24,20.794375,89.16041666666666,0.48513888888888895,138.26110416666668,,,
2025-10-01,22.8,18.8,99.0,84.0,1139.1305,4.5,0.3,19.31951388888889,22.8,18.8,24,20.166666666666668,94.77361111111111,0.18340277777777778,47.463770833333335,,,
2025-10-02,21.7,18.7,99.0,92.0,629.0896666666666,3.4,11.1,19.348819444444445,21.7,18.7,24,19.786458333333332,97.17430555555556,0.048402777777777774,26.21206944444444,,,
2025-10-03,21.6,19.1,99.0,95.0,695.678,3.4,32.7,19.862083333333334,21.6,19.1,24,20.06701388888889,98.46527777777777,0.10493055555555557,28.986583333333332,,,
2025-10-04,26.3,17.8,99.0,73.0,2480.5621666666666,5.6,0.3,20.30826388888889,26.3,17.8,24,21.61277777777778,92.42916666666667,0.2727777777777778,103.35675694444444,,,
2025-10-05,29.2,19.3,99.0,69.0,3999.1501481481478,6.7,0.0,21.08103207810321,35.0,19.3,24,22.804861111111112,90.47777777777777,0.4514737654320988,166.6312561728395,,,
2025-10-06,25.2,18.2,99.0,84.0,974.8856666666667,5.6,8.7,20.703958333333333,25.2,18.2,24,21.39861111111111,95.66527777777777,0.2065972222222222,40.62023611111111,,,
2025-10-07,18.4,14.6,99.0,89.0,714.4013333333334,4.5,4.8,15.122569444444444,18.4,14.6,24,15.811319444444445,95.625,0.1673611111111111,29.766722222222224,,,
2025-10-08,17.9,13.4,99.0,81.0,1133.0648333333334,3.4,8.4,14.59486111111111,17.9,13.4,24,15.239513888888888,95.85416666666667,0.053125000000000006,47.21103472222222,,,
2025-10-09,18.0,15.5,99.0,94.0,645.573,10.1,49.5,15.955902777777778,18.0,15.5,24,16.28673611111111,97.76527777777778,0.2997222222222222,26.898875,,,
2025-10-10,23.6,16.2,99.0,78.0,2304.9056666666665,5.6,19.5,17.500416666666666,23.6,16.2,24,18.217499999999998,95.53402777777778,0.2667361111111111,96.0377361111111,,,
2025-10-11,25.2,17.3,99.0,77.0,3124.2086666666664,10.1,2.4,19.056597222222223,25.2,17.3,24,20.33590277777778,92.45347222222222,0.41534722222222226,130.1753611111111,,,
2025-10-12,23.7,17.2,99.0,81.0,1613.0016666666668,3.4,9.3,19.353402777777777,23.7,17.2,24,20.111944444444443,95.34722222222223,0.08118055555555556,67.20840277777778,,,
2025-10-13,30.9,18.3,99.0,60.0,4645.703666666666,6.7,0.0,21.089652777777776,37.0,18.3,24,23.804930555555554,86.08402777777779,0.4639583333333333,193.5709861111111,,,
2025-10-14,29.6,14.8,99.0,38.0,6416.669166666667,7.8,0.0,16.80784722222222,30.0,14.8,24,21.420694444444447,78.20069444444444,0.674236111111111,267.3612152777778,,,
2025-10-15,27.4,13.9,99.0,50.0,5529.476,7.8,0.0,16.76763888888889,29.0,13.9,24,20.365,81.46041666666666,0.6129861111111111,230.3948333333333,,,
2025-10-16,26.7,15.1,99.0,61.0,3908.293,5.6,0.0,18.241875,26.7,15.1,24,21.018819444444443,85.02152777777778,0.2931944444444445,162.84554166666666,,,
2025-10-17,28.6,18.5,99.0,69.0,2827.253166666667,5.6,9.6,20.61263888888889,33.0,18.5,24,22.40590277777778,90.00486111111111,0.235,117.80221527777779,,,
2025-10-18,27.4,15.6,99.0,76.0,2627.581833333333,11.2,8.4,20.091180555555557,30.0,15.6,24,21.342569444444447,92.77569444444445,0.42333333333333334,109.48257638888889,,,
2025-10-19,24.2,11.7,99.0,47.0,4831.575333333333,12.3,0.3,13.357430555555556,24.2,11.7,24,17.645,77.87638888888888,0.7968055555555557,201.31563888888888,,,
2025-10-20,22.9,10.3,99.0,57.0,4063.791833333333,7.8,2.1,13.68236111111111,22.9,10.3,24,16.665555555555557,83.39375,0.5396527777777778,169.3246597222222,,,
2025-10-21,25.3,13.0,98.0,48.0,4857.071166666667,10.1,0.6,14.478194444444444,25.3,13.0,24,18.45111111111111,79.32083333333334,0.7390972222222222,202.37796527777778,,,
2025-10-22,25.3,13.6,99.0,56.0,4540.0135,12.3,1.2,15.864097222222222,25.3,13.6,24,18.58625,85.44930555555555,0.7049305555555555,189.16722916666666,,,
2025-10-23,26.5,15.7,99.0,54.0,5792.0515000000005,9.0,4.5,16.607430555555556,26.5,15.7,24,19.71013888888889,83.90416666666667,0.8493055555555555,241.3354791666667,,,
2025-10-24,26.6,13.8,99.0,56.0,5363.2761666666665,11.2,0.0,16.71361111111111,26.6,13.8,24,19.87173611111111,83.44236111111111,1.0208333333333333,223.46984027777776,,,
2025-10-25,27.7,17.1,98.0,61.0,4955.764,7.8,0.0,18.388749999999998,30.0,17.1,24,21.349166666666665,84.06875000000001,0.6140277777777777,206.49016666666668,,,
2025-10-26,27.0,17.7,99.0,71.0,2508.1551666666664,4.5,0.3,19.779930555555556,29.0,17.7,24,21.43722222222222,90.59861111111111,0.24423611111111113,104.50646527777776,,,
2025-10-27,21.4,18.7,99.0,95.0,525.8463333333333,5.6,3.3,19.478541666666665,21.4,18.7,24,19.85020833333333,97.53402777777778,0.14555555555555555,21.91026388888889,,,
2025-10-28,20.2,18.4,99.0,97.0,829.8165,6.7,0.0,18.854027777777777,20.2,18.4,24,19.040277777777778,98.56875000000001,0.11513888888888889,34.5756875,,,
2025-10-29,21.8,16.6,99.0,83.0,1661.8133333333333,6.7,0.0,18.116458333333334,21.8,16.6,24,18.88111111111111,95.21805555555555,0.4215277777777778,69.24222222222222,,,
2025-10-30,20.0,16.1,99.0,84.0,1224.8563333333334,2.2,0.0,16.778333333333332,20.0,16.1,24,17.401805555555555,96.0173611111111,0.05215277777777778,51.03568055555556,,,
2025-10-31,22.1,16.7,99.0,84.0,1631.5938333333334,3.4,0.0,18.005069444444445,22.1,16.7,24,18.784027777777776,95.16666666666667,0.12256944444444445,67.98307638888889,,,
2025-11-01,27.9,17.6,99.0,64.0,4351.161666666667,6.7,0.0,19.60298611111111,30.0,17.6,24,21.657569444444444,88.75,0.3013194444444444,181.2984027777778,,,
2025-11-02,25.4,18.7,99.0,78.0,2022.6991666666665,4.5,0.0,19.893402777777776,25.4,18.7,24,20.961319444444445,93.675,0.18034722222222221,84.27913194444444,,,
2025-11-03,25.6,17.6,99.0,75.0,1770.2216666666666,5.6,0.0,19.713472222222222,25.6,17.6,24,20.83375,93.40069444444445,0.24493055555555554,73.75923611111111,,,
2025-11-04,28.0,19.0,99.0,73.0,3074.2585,5.6,0.0,20.776875,32.0,19.0,24,22.461597222222224,90.47847222222224,0.33451388888888894,128.09410416666665,,,
2025-11-05,34.7,20.9,98.0,59.0,4994.200333333333,15.7,0.0,22.109166666666667,54.0,20.9,24,25.084166666666665,84.32083333333334,0.6625,208.09168055555554,,,
2025-11-06,23.3,16.7,95.0,60.0,1879.301,6.7,0.0,16.556597222222223,23.3,16.7,24,19.759652777777777,82.23958333333333,0.431875,78.30420833333334,,,
2025-11-07,24.0,16.4,98.0,69.0,2321.6503333333335,12.3,0.0,17.062708333333333,24.0,16.4,24,19.105,88.3298611111111,1.0816666666666668,96.73543055555557,,,
2025-11-08,31.1,16.2,99.0,43.0,6042.001333333334,11.2,0.0,17.506944444444443,33.0,16.2,24,21.778541666666666,79.0111111111111,0.8684027777777779,251.75005555555558,,,
2025-11-09,23.8,15.4,95.0,58.0,2583.320333333333,5.6,0.0,15.48861111111111,23.8,15.4,24,18.650208333333335,82.57847222222223,0.26305555555555554,107.63834722222221,,,
2025-11-10,27.3,13.4,99.0,54.0,4835.697,6.7,0.0,15.88,28.0,13.4,24,19.385277777777777,81.93124999999999,0.44013888888888886,201.48737500000001,,,
2025-11-11,28.3,11.7,99.0,35.0,6996.312333333333,7.8,0.0,14.332847222222222,28.0,11.7,24,19.705277777777777,74.88472222222222,0.8628472222222222,291.5130138888889,,,
2025-11-12,27.9,13.7,99.0,56.0,4466.876666666667,9.0,0.0,17.08138888888889,29.0,13.7,24,20.285416666666666,83.09097222222222,0.5811111111111111,186.11986111111113,,,
2025-11-13,27.6,18.7,99.0,71.0,2306.119,4.5,1.2,19.97826388888889,30.0,18.7,24,21.47583333333333,91.46319444444445,0.1890277777777778,96.08829166666668,,,
2025-11-14,28.0,18.2,98.0,63.0,2817.3038333333334,5.6,0.0,19.647291666666664,30.0,18.2,24,22.289374999999996,85.70694444444445,0.2760416666666667,117.38765972222222,,,
2025-11-15,29.7,18.3,99.0,59.0,4605.5145,7.8,0.0,19.990069444444444,32.0,18.3,24,23.087777777777777,83.85347222222222,0.4894444444444444,191.89643750000002,,,
2025-11-16,30.1,18.2,99.0,61.0,4671.830166666667,7.8,0.0,21.09340277777778,33.0,18.2,24,23.63819444444444,86.57777777777778,0.5447222222222222,194.65959027777777,,,
2025-11-17,23.8,18.2,98.0,85.0,1115.7055,6.7,11.1,19.900833333333335,23.8,18.2,24,20.766180555555554,94.68958333333335,0.2977083333333333,46.48772916666667,,,
2025-11-18,22.9,16.2,99.0,80.0,1617.2751666666666,4.5,19.8,18.255972222222223,22.9,16.2,24,18.844236111111112,96.33055555555556,0.1725,67.38646527777777,,,
2025-11-19,31.2,12.8,99.0,40.0,6527.090166666667,12.3,0.6,16.30388888888889,32.0,12.8,24,21.267500000000002,76.22638888888889,0.7736111111111111,271.9620902777778,,,
2025-11-20,27.8,11.3,99.0,49.0,5955.849666666667,10.1,0.0,15.357430555555556,28.0,11.3,24,20.03875,76.53888888888889,1.125625,248.1604027777778,,,
2025-11-21,29.5,13.5,99.0,51.0,6508.025666666666,9.0,0.0,17.43013888888889,31.0,13.5,24,21.550625,79.35555555555555,0.7329861111111112,271.1677361111111,,,
2025-11-22,28.8,17.2,98.0,58.0,3034.666,12.3,0.3,18.922777777777778,31.0,17.2,24,21.67638888888889,85.25902777777777,0.8204861111111111,126.44441666666667,,,
2025-11-23,19.6,17.2,99.0,96.0,929.9739999999999,9.0,0.0,17.993402777777778,19.6,17.2,24,18.357777777777777,97.6388888888889,0.2767361111111111,38.748916666666666,,,
2025-11-24,23.6,17.3,99.0,79.0,2127.275166666667,4.5,0.0,18.49534722222222,23.6,17.3,24,19.007361111111113,96.70555555555556,0.33479166666666665,88.63646527777779,,,
2025-11-25,27.6,17.2,99.0,67.0,4257.134666666667,7.8,0.0,19.235972222222223,30.0,17.2,24,21.124861111111112,89.47500000000001,0.3811805555555556,177.3806111111111,,,
2025-11-26,29.0,18.0,99.0,60.0,5024.332666666666,7.8,0.0,19.443958333333335,32.0,18.0,24,21.95486111111111,86.35694444444444,0.7069444444444445,209.34719444444443,,,
2025-11-27,26.3,15.8,98.0,61.0,3474.1171666666664,6.7,0.0,18.04215277777778,26.3,15.8,24,20.95611111111111,84.46180555555556,0.4151388888888889,144.75488194444443,,,
2025-11-28,32.7,15.3,99.0,52.0,6396.6975,6.7,0.0,19.296458333333334,37.0,15.3,24,23.125625,81.36111111111111,0.5021527777777778,266.5290625,,,
2025-11-29,33.1,17.1,99.0,50.0,6824.0661666666665,12.3,0.0,20.03951388888889,38.0,17.1,24,23.931250000000002,80.52499999999999,0.8859722222222222,284.33609027777777,,,
2025-11-30,29.9,19.4,97.0,63.0,3535.8935,10.1,0.0,20.142569444444444,34.0,19.4,24,22.579166666666666,86.71666666666665,0.463125,147.32889583333335,,,
2025-12-01,23.9,20.1,98.0,88.0,1177.4491666666668,3.4,0.0,20.882291666666667,23.9,20.1,24,21.530347222222222,96.00416666666666,0.06881944444444445,49.06038194444445,,,
2025-12-02,29.9,21.0,99.0,72.0,3074.2508333333335,5.6,0.0,22.516944444444444,36.0,21.0,24,23.7975,92.75486111111111,0.2672222222222222,128.09378472222224,,,
2025-12-03,31.6,19.3,99.0,43.0,6496.880666666666,10.1,0.0,19.945208333333333,36.0,19.3,24,24.0,79.93819444444445,0.8058333333333333,270.70336111111106,,,
2025-12-04,28.9,18.1,98.0,58.0,3182.354,5.6,0.0,19.147083333333335,31.0,18.1,24,22.384652777777777,82.61944444444445,0.39645833333333336,132.59808333333334,,,
2025-12-05,30.2,18.8,97.0,54.0,5678.705833333333,7.8,4.2,19.921458333333334,33.0,18.8,24,23.67527777777778,80.44097222222221,0.7751388888888888,236.61274305555557,,,
2025-12-06,31.6,17.3,98.0,56.0,6814.881166666667,9.0,0.0,20.547291666666666,36.0,17.3,24,24.549791666666668,79.80208333333333,0.8222222222222223,283.95338194444446,,,
2025-12-07,33.5,19.5,98.0,51.0,6759.141166666666,7.8,0.0,22.026805555555555,45.0,19.5,24,25.93076388888889,80.47777777777777,0.7147916666666667,281.6308819444444,,,
2025-12-08,29.3,20.5,98.0,65.0,3692.6776666666665,7.8,0.9,21.702083333333334,33.0,20.5,24,24.35166666666667,85.80624999999999,0.48125,153.86156944444443,,,
2025-12-09,29.0,22.0,99.0,75.0,2439.6115,6.7,2.1,22.63076388888889,33.0,22.0,24,23.57138888888889,94.50208333333335,0.3925,101.65047916666667,,,
2025-12-10,33.7,19.1,99.0,42.0,6496.548,19.0,0.0,20.342708333333334,40.0,19.1,24,26.340486111111108,71.84861111111111,1.6039583333333332,270.6895,,,
2025-12-11,34.3,18.6,94.0,32.0,7264.703833333334,9.0,0.0,18.26590277777778,38.0,18.6,24,26.08826388888889,64.97638888888889,0.7877777777777778,302.69599305555556,,,
2025-12-12,30.5,17.0,98.0,55.0,3197.6415,4.5,0.9,20.23423611111111,36.0,17.0,24,23.09263888888889,85.09513888888888,0.14208333333333334,133.2350625,,,
2025-12-13,31.5,18.7,98.0,59.0,4886.713333333333,5.6,0.0,20.948055555555555,38.0,18.7,24,24.320625000000003,82.54722222222223,0.40222222222222226,203.61305555555555,,,
2025-12-14,30.3,20.6,97.0,67.0,2829.542,5.6,0.0,22.577916666666667,36.0,20.6,24,25.252916666666664,85.60069444444444,0.3296527777777778,117.89758333333333,,,
2025-12-15,35.3,22.2,97.0,56.0,6876.161,7.8,0.0,24.166805555555552,48.0,22.2,24,28.15451388888889,80.32013888888889,0.6396527777777777,286.50670833333334,,,
2025-12-16,32.7,19.5,95.0,58.0,3495.641833333333,7.8,1.2,22.044097222222224,42.0,19.5,24,25.102430555555557,83.50555555555556,0.7675000000000001,145.65174305555556,,,
2025-12-17,27.6,15.0,97.0,45.0,3733.526,7.8,0.0,16.684652777777778,28.0,15.0,24,20.883541666666666,78.5826388888889,0.47729166666666667,155.56358333333333,,,
2025-12-18,28.1,14.9,98.0,54.0,4632.3355,7.8,0.0,18.07486111111111,29.0,14.9,24,21.682916666666667,81.63958333333333,0.6156944444444444,193.01397916666667,,,
2025-12-19,31.7,16.0,99.0,54.0,6306.526,9.0,0.0,19.835416666666667,36.0,16.0,24,23.675138888888892,80.88402777777777,0.8041666666666667,262.77191666666664,,,
2025-12-20,30.9,18.7,98.0,58.0,5031.7855,10.1,0.3,20.883541666666666,35.0,18.7,24,24.544375,81.1875,0.9764583333333334,209.65772916666666,,,
2025-12-21,32.9,19.4,98.0,58.0,5448.444166666667,9.0,0.0,22.29215277777778,41.0,19.4,24,25.96986111111111,81.13888888888889,0.7221527777777778,227.01850694444445,,,
2025-12-22,34.0,22.9,95.0,55.0,5649.473333333333,6.7,0.0,23.19451388888889,42.0,22.9,24,26.90076388888889,81.08472222222223,0.6051388888888889,235.3947222222222,,,
2025-12-23,35.8,23.6,95.0,61.0,5448.9345,7.8,0.0,24.554513888888888,53.0,23.6,24,27.83125,83.16875,0.5684027777777777,227.0389375,,,
2025-12-24,39.0,22.9,97.0,46.0,5854.2295,6.7,0.0,24.17152777777778,52.0,22.9,24,28.520555555555557,79.29097222222222,0.608125,243.92622916666667,,,
2025-12-25,38.0,22.7,98.0,49.0,6374.999333333333,6.7,27.0,24.33951388888889,51.0,22.7,24,28.829444444444444,79.24305555555556,0.5311111111111111,265.6249722222222,,,
2025-12-26,35.1,22.0,99.0,62.0,5531.423333333333,7.8,1.5,24.83291666666667,50.0,22.0,24,27.554861111111112,86.17430555555556,0.5104166666666666,230.47597222222223,,,
2025-12-27,36.1,22.6,98.0,62.0,6483.998,9.0,11.1,25.797569444444445,54.0,22.6,24,28.917291666666667,84.30347222222223,0.6951388888888889,270.16658333333334,,,
2025-12-28,38.2,22.4,98.0,46.0,6848.463833333333,10.1,0.6,24.559583333333336,56.0,22.4,24,28.345555555555553,81.72083333333333,0.6243055555555556,285.3526597222222,,,
2025-12-29,30.8,22.8,98.0,74.0,2166.8804999999998,4.5,57.9,23.94916666666667,39.0,22.8,24,25.703958333333333,90.29652777777778,0.2929861111111111,90.28668749999999,,,
2025-12-30,33.2,23.3,99.0,66.0,3742.4176666666667,5.6,24.0,24.175972222222224,47.0,23.3,24,25.743819444444444,91.4826388888889,0.21104166666666666,155.93406944444445,,,
2025-12-31,32.7,22.6,99.0,68.0,3909.3333333333335,5.6,54.3,24.00173611111111,43.0,22.6,24,25.523055555555555,91.76458333333333,0.3001388888888889,162.88888888888889,,,
2026-01-01,33.6,23.4,99.0,65.0,3927.891666666667,5.6,6.9,24.970277777777774,48.0,23.4,24,26.596388888888892,91.3,0.2765972222222222,163.66215277777778,,,
2026-01-02,34.3,21.5,99.0,62.0,4749.380166666667,7.8,54.9,23.657430555555553,48.0,21.5,24,25.264305555555556,91.33194444444445,0.28097222222222223,197.89084027777778,,,
2026-01-03,37.9,19.6,99.0,37.0,7277.620666666667,15.7,0.0,22.106875000000002,53.0,19.6,24,26.628194444444446,78.72916666666667,0.7296527777777778,303.2341944444444,,,
2026-01-04,27.0,18.5,87.0,58.0,3140.037,6.7,0.0,17.118541666666665,28.0,18.5,24,21.798819444444444,75.07083333333334,0.48513888888888884,130.83487499999998,,,
2026-01-05,26.3,17.2,95.0,57.0,2743.491666666667,6.7,0.0,17.348263888888887,26.3,17.2,24,21.06222222222222,80.16875,0.320625,114.31215277777778,,,
2026-01-06,27.9,16.1,99.0,61.0,3949.4508333333333,7.8,0.0,19.000486111111112,29.0,16.1,24,21.697777777777777,85.52986111111112,0.5800694444444444,164.56045138888888,,,
2026-01-07,33.0,17.9,99.0,54.0,6885.108,7.8,0.0,21.50638888888889,42.0,17.9,24,25.340277777777782,81.06597222222221,0.628125,286.8795,,,
2026-01-08,35.1,20.8,99.0,57.0,4279.679166666667,7.8,19.8,23.013680555555553,47.0,20.8,24,25.435625,87.68263888888889,0.39305555555555555,178.31996527777778,,,
2026-01-09,32.5,21.6,99.0,64.0,5080.858666666667,9.0,0.0,23.680902777777778,43.0,21.6,24,25.92,88.05,0.5323611111111112,211.70244444444447,,,
2026-01-10,32.3,21.6,98.0,67.0,3847.713333333333,13.4,27.0,23.71388888888889,43.0,21.6,24,25.37722222222222,90.93194444444445,0.42520833333333335,160.3213888888889,,,
2026-01-11,31.7,21.3,99.0,70.0,2610.7085,5.6,0.3,23.004444444444445,40.0,21.3,24,24.372847222222223,92.42708333333333,0.1978472222222222,108.77952083333334,,,
2026-01-12,28.1,20.5,99.0,82.0,1297.8651666666667,11.2,25.2,22.664930555555557,33.0,20.5,24,23.264791666666667,96.35069444444444,0.17694444444444446,54.07771527777778,,,
2026-01-13,33.2,19.7,99.0,66.0,5408.5616666666665,7.8,5.1,22.538819444444446,46.0,19.7,24,24.759722222222223,88.35416666666667,0.4129861111111111,225.3567361111111,,,
2026-01-14,32.5,19.9,99.0,64.0,4194.128333333333,5.6,1.2,21.942708333333332,41.0,19.9,24,23.92375,89.20902777777779,0.3092361111111111,174.7553472222222,,,
2026-01-15,32.5,19.6,99.0,63.0,5574.235,7.8,0.0,23.197083333333335,43.0,19.6,24,25.97791666666667,85.61805555555556,0.43083333333333335,232.25979166666664,,,
2026-01-16,35.1,21.7,99.0,59.0,5369.529833333333,13.4,11.4,23.28465277777778,50.0,21.7,24,25.613333333333333,88.14652777777776,0.40923611111111113,223.73040972222222,,,
2026-01-17,32.9,21.4,99.0,64.0,3554.5368333333336,5.6,16.2,23.608194444444447,45.0,21.4,24,25.018472222222226,92.40833333333335,0.2438888888888889,148.1057013888889,,,
2026-01-18,34.3,22.1,99.0,60.0,5933.003833333333,9.0,26.7,24.211180555555554,47.0,22.1,24,26.34826388888889,88.81527777777778,0.42874999999999996,247.20849305555555,,,
2026-01-19,29.0,19.4,99.0,56.0,3430.8415,10.1,1.5,20.346249999999998,32.0,19.4,24,23.195000000000004,84.69652777777777,0.7334722222222222,142.95172916666667,,,
2026-01-20,28.9,14.3,98.0,48.0,6128.440166666666,7.8,0.0,16.835555555555555,30.0,14.3,24,21.83534722222222,75.12430555555555,0.6959722222222222,255.3516736111111,,,
2026-01-21,27.7,17.3,97.0,60.0,3153.4623333333334,5.6,0.0,18.46847222222222,30.0,17.3,24,21.100833333333334,85.52430555555556,0.31430555555555556,131.3942638888889,,,
2026-01-22,27.5,17.5,98.0,58.0,3349.4906666666666,4.5,1.8,18.998194444444444,29.0,17.5,24,21.458680555555556,86.66805555555555,0.22805555555555557,139.5621111111111,,,
2026-01-23,28.2,15.8,99.0,59.0,3405.0473333333334,5.6,8.7,18.99423611111111,30.0,15.8,24,21.581666666666667,86.44305555555555,0.40277777777777773,141.87697222222224,,,
2026-01-24,30.5,18.8,99.0,52.0,5042.791,5.6,0.0,20.48548611111111,34.0,18.8,24,23.79965277777778,83.01944444444445,0.4040972222222223,210.11629166666668,,,
2026-01-25,31.3,18.5,99.0,57.0,4866.839666666667,6.7,0.0,21.205208333333335,38.0,18.5,24,24.441180555555558,83.19930555555555,0.4797222222222222,202.78498611111112,,,
2026-01-26,31.4,19.0,99.0,61.0,4786.361166666667,9.0,0.0,21.64048611111111,37.0,19.0,24,24.82590277777778,83.47500000000001,0.4894444444444444,199.43171527777778,,,
2026-01-27,33.8,20.4,99.0,59.0,6183.9685,6.7,0.0,22.750972222222224,44.0,20.4,24,26.063125,83.28819444444444,0.505625,257.66535416666665,,,
2026-01-28,33.8,20.5,99.0,59.0,6174.494000000001,9.0,0.0,23.330624999999998,45.0,20.5,24,26.53125,83.88888888888889,0.4867361111111111,257.2705833333334,,,
2026-01-29,27.1,20.6,98.0,83.0,1192.2471666666668,7.8,18.9,23.340069444444442,30.0,20.6,24,24.09263888888889,95.46666666666665,0.09326388888888888,49.67696527777778,,,
2026-01-30,30.1,20.6,99.0,68.0,3300.1916666666666,5.6,0.3,21.89125,36.0,20.6,24,23.54993055555555,90.81458333333335,0.23951388888888892,137.5079861111111,,,
2026-01-31,32.4,19.5,99.0,57.0,5513.593166666667,6.7,7.8,22.43,41.0,19.5,24,24.898055555555555,87.4875,0.32881944444444444,229.73304861111112,,,
2026-02-01,33.0,20.9,99.0,65.0,4622.4755,4.5,4.2,23.6025,45.0,20.9,24,25.684166666666666,88.92777777777776,0.26284722222222223,192.60314583333331,,,
2026-02-02,32.1,21.4,99.0,65.0,4860.839333333333,6.7,32.4,23.42013888888889,42.0,21.4,24,25.34986111111111,89.64722222222223,0.34284722222222225,202.53497222222222,,,
2026-02-03,27.5,21.8,98.0,81.0,1586.5966666666666,4.5,56.7,22.912152777777777,31.0,21.8,24,23.764375,94.95555555555556,0.1476388888888889,66.10819444444444,,,
2026-02-04,26.7,21.2,99.0,83.0,2030.3491666666666,3.4,4.2,22.59854166666667,26.7,21.2,24,23.41465277777778,95.09166666666665,0.050555555555555555,84.59788194444444,,,
2026-02-05,33.1,20.8,99.0,56.0,6124.015333333334,6.7,4.5,23.20993055555556,43.0,20.8,24,26.18534722222222,84.84791666666666,0.40875,255.16730555555557,,,
2026-02-06,34.6,20.9,99.0,55.0,6613.780666666667,7.8,0.0,23.09798611111111,46.0,20.9,24,26.50840277777778,83.16180555555555,0.45875,275.57419444444446,,,
2026-02-07,33.5,20.9,99.0,55.0,5889.6865,7.8,39.9,22.50298611111111,43.0,20.9,24,25.371875,85.69027777777778,0.4865972222222223,245.40360416666667,,,
2026-02-08,30.9,20.6,99.0,59.0,5523.417166666666,6.7,0.9,22.062916666666666,38.0,20.6,24,24.620833333333334,86.64166666666667,0.47430555555555554,230.14238194444442,,,
2026-02-09,32.1,20.2,99.0,60.0,5336.5171666666665,7.8,0.0,22.354791666666667,41.0,20.2,24,25.105208333333334,85.73125,0.4206944444444445,222.35488194444443,,,
2026-02-10,33.6,20.8,99.0,60.0,5826.516166666666,7.8,0.3,23.083125,43.0,20.8,24,25.854305555555555,85.72152777777778,0.4542361111111111,242.77150694444444,,,
2026-02-11,35.7,20.2,99.0,52.0,6597.189333333333,6.7,0.0,23.35402777777778,49.0,20.2,24,26.985625,82.60000000000001,0.4280555555555556,274.8828888888889,,,
2026-02-12,36.3,23.2,99.0,51.0,5976.133333333333,9.0,0.0,24.96326388888889,49.0,23.2,24,28.26319444444444,83.64236111111111,0.5003472222222222,249.00555555555556,,,
2026-02-13,36.6,22.7,98.0,55.0,4201.730666666666,13.4,58.5,24.345000000000002,55.0,22.7,24,26.752499999999998,87.97986111111112,0.2759027777777778,175.0721111111111,,,
2026-02-14,26.6,22.8,99.0,87.0,1611.616,2.2,7.2,23.479652777777776,26.6,22.8,24,24.048194444444444,96.45694444444445,0.04138888888888889,67.15066666666667,,,
2026-02-15,30.3,22.6,99.0,73.0,2664.8865,3.4,0.0,24.148819444444445,39.0,22.6,24,25.674027777777777,91.42777777777779,0.12013888888888889,111.03693750000001,,,
2026-02-16,33.6,22.4,99.0,71.0,3773.219833333333,7.8,8.7,24.583680555555556,50.0,22.4,24,26.43263888888889,90.03402777777778,0.2798611111111111,157.21749305555554,,,
2026-02-17,36.6,21.4,99.0,55.0,5458.202,10.1,9.3,23.985694444444444,54.0,21.4,24,26.109583333333333,89.31666666666666,0.2470138888888889,227.42508333333333,,,
2026-02-18,34.1,21.8,99.0,57.0,6071.999,7.8,15.3,24.368333333333336,48.0,21.8,24,26.86451388888889,87.27291666666667,0.5515277777777777,252.99995833333332,,,
2026-02-19,31.7,22.9,99.0,65.0,4393.9105,6.7,0.3,23.58388888888889,40.0,22.9,24,25.774722222222223,88.30486111111111,0.35861111111111105,183.07960416666666,,,
2026-02-20,31.0,22.6,98.0,69.0,2938.0266666666666,7.8,0.0,24.000972222222224,40.0,22.6,24,25.878680555555558,89.53402777777778,0.23576388888888888,122.41777777777777,,,
2026-02-21,25.4,21.1,98.0,76.0,1886.8281666666667,6.7,109.5,22.13326388888889,25.4,21.1,24,22.828194444444446,95.78958333333333,0.34555555555555556,78.61784027777777,,,
2026-02-22,26.7,19.9,99.0,78.0,1897.6843333333334,5.6,6.3,21.543819444444445,26.7,19.9,24,22.436597222222222,94.66666666666667,0.11194444444444444,79.07018055555555,,,
2026-02-23,29.7,20.0,99.0,66.0,3843.824,5.6,7.2,21.862708333333334,35.0,20.0,24,24.084305555555556,88.01319444444444,0.28847222222222224,160.15933333333334,,,
2026-02-24,31.6,21.4,99.0,68.0,3553.6075,5.6,2.7,23.439027777777774,41.0,21.4,24,25.03798611111111,91.18124999999999,0.21708333333333332,148.06697916666667,,,
2026-02-25,33.4,21.6,99.0,60.0,4432.4546666666665,9.0,62.7,23.47784722222222,45.0,21.6,24,25.285625,90.43333333333334,0.2891666666666667,184.68561111111111,,,
2026-02-26,29.2,21.6,99.0,69.0,2134.798,5.6,0.3,22.099583333333335,35.0,21.6,24,23.65722222222222,91.16111111111111,0.24694444444444444,88.94991666666665,,,
2026-02-27,29.1,20.0,96.0,55.0,3784.3661666666667,5.6,0.0,19.95715277777778,32.0,20.0,24,23.3,82.56736111111111,0.26895833333333335,157.6819236111111,,,
2026-02-28,29.1,19.7,98.0,63.0,3407.7406666666666,5.6,0.6,20.338333333333335,33.0,19.7,24,22.666458333333335,87.34444444444445,0.27493055555555557,141.98919444444445,,,
2026-03-01,27.9,19.6,98.0,59.0,2927.6476666666667,5.6,0.3,20.26902777777778,30.0,19.6,24,22.36826388888889,88.4888888888889,0.23868055555555556,121.98531944444444,,,
2026-03-02,29.1,17.9,99.0,55.0,3574.717666666667,5.6,1.5,19.861180555555556,32.0,17.9,24,22.387152777777775,86.71111111111111,0.20173611111111112,148.94656944444446,,,
2026-03-03,30.6,15.6,99.0,53.0,5230.888,7.8,0.0,19.391527777777778,34.0,15.6,24,22.503541666666667,84.23472222222223,0.33006944444444447,217.95366666666666,,,
2026-03-04,31.4,18.1,99.0,57.0,5046.680833333334,6.7,0.0,20.883888888888887,37.0,18.1,24,23.917569444444442,84.59166666666667,0.4115972222222222,210.27836805555557,,,
2026-03-05,32.1,18.3,99.0,52.0,5291.594666666667,5.6,0.0,20.773194444444446,39.0,18.3,24,24.243750000000002,82.6875,0.39847222222222217,220.48311111111113,,,
2026-03-06,31.5,19.3,99.0,63.0,5109.353833333334,7.8,0.3,21.950208333333332,38.0,19.3,24,24.466736111111114,86.81458333333335,0.46194444444444444,212.88974305555556,,,
2026-03-07,33.5,21.5,99.0,62.0,5332.639,7.8,13.2,23.528611111111108,45.0,21.5,24,25.9275,87.75625000000001,0.43159722222222224,222.19329166666668,,,
2026-03-08,28.6,21.3,99.0,76.0,1924.1036666666666,5.6,8.1,22.77777777777778,34.0,21.3,24,24.025555555555556,92.89166666666667,0.22034722222222225,80.1709861111111,,,
2026-03-09,23.5,20.4,99.0,89.0,1592.6335,4.5,25.8,21.070833333333333,23.5,20.4,24,21.47375,97.33333333333333,0.07875,66.35972916666667,,,
2026-03-10,24.2,19.8,99.0,85.0,1822.4768333333334,3.4,16.2,20.855277777777776,24.2,19.8,24,21.349375,96.8125,0.12513888888888888,75.93653472222222,,,
2026-03-11,26.0,20.3,99.0,79.0,2157.8351666666667,4.5,3.3,21.154166666666665,26.0,20.3,24,22.225694444444443,93.71597222222222,0.2026388888888889,89.90979861111111,,,
2026-03-12,24.5,20.1,99.0,87.0,1563.6813333333332,4.5,11.4,21.25375,24.5,20.1,24,21.735138888888887,96.8875,0.09819444444444446,65.15338888888888,,,
2026-03-13,32.3,18.4,99.0,56.0,5409.998333333334,4.5,0.0,21.54826388888889,39.0,18.4,24,24.224791666666665,86.23819444444445,0.28131944444444446,225.41659722222224,,,
2026-03-14,31.7,19.7,99.0,61.0,4736.175833333334,7.8,0.0,22.319583333333334,39.0,19.7,24,24.72263888888889,87.43333333333334,0.3559722222222222,197.34065972222223,,,
2026-03-15,33.3,22.5,99.0,64.0,4763.879833333333,5.6,0.0,24.022013888888885,45.0,22.5,24,26.318541666666665,87.99930555555555,0.28458333333333335,198.49499305555557,,,
2026-03-16,32.4,23.5,99.0,69.0,3438.5086666666666,5.6,0.0,24.524791666666665,42.0,23.5,24,26.450486111111115,89.58263888888888,0.29083333333333333,143.27119444444443,,,
2026-03-17,32.3,23.0,99.0,63.0,4341.2205,9.0,0.0,23.778055555555557,41.0,23.0,24,26.408402777777777,86.14999999999999,0.4780555555555555,180.88418750000002,,,
2026-03-18,30.4,22.7,98.0,71.0,2695.153,7.8,0.0,23.550416666666667,36.0,22.7,24,25.590208333333333,88.79930555555556,0.24125,112.29804166666666,,,
2026-03-19,32.2,23.2,98.0,67.0,3789.634,5.6,5.4,23.834166666666665,41.0,23.2,24,26.15319444444444,87.64375,0.32625,157.90141666666668,,,
2026-03-20,32.3,21.9,99.0,66.0,3842.794,7.8,0.3,23.640069444444443,42.0,21.9,24,25.844375,88.11041666666667,0.33131944444444444,160.11641666666665,,,
2026-03-21,33.3,21.6,99.0,62.0,4915.509666666667,9.0,0.0,23.54375,43.0,21.6,24,26.46638888888889,84.9173611111111,0.4473611111111111,204.8129027777778,,,
2026-03-22,32.7,23.5,98.0,69.0,3009.612,1.1,11.1,24.433124999999997,46.0,23.5,24,25.95861111111111,91.62638888888888,6.944444444444444e-05,125.40050000000001,,,
2026-03-23,33.0,21.6,99.0,50.0,5252.711166666667,7.8,0.3,22.771458333333335,40.0,21.6,24,25.746805555555554,85.28194444444445,0.4007638888888889,218.8629652777778,,,
2026-03-24,33.5,21.5,98.0,58.0,4340.317666666667,5.6,0.0,23.160416666666666,43.0,21.5,24,25.866874999999997,86.03125,0.2577083333333334,180.84656944444444,,,
2026-03-25,32.6,20.0,99.0,59.0,4579.6345,6.7,0.0,22.512291666666666,40.0,20.0,24,25.14708333333333,86.41875,0.32826388888888886,190.81810416666667,,,
2026-03-26,32.8,20.7,99.0,63.0,3939.659666666667,5.6,0.0,23.43888888888889,43.0,20.7,24,25.771041666666665,87.73819444444445,0.21729166666666666,164.15248611111113,,,
2026-03-27,33.8,22.0,99.0,61.0,4203.593333333333,6.7,0.0,24.02041666666667,44.0,22.0,24,26.546041666666667,87.06736111111111,0.3227083333333333,175.1497222222222,,,
2026-03-28,33.8,21.3,99.0,55.0,4803.2305,7.8,0.0,23.05909722222222,41.0,21.3,24,26.136041666666667,84.79166666666667,0.48631944444444447,200.13460416666666,,,
2026-03-29,34.6,19.6,99.0,53.0,4928.402,5.6,0.0,22.151041666666668,45.0,19.6,24,25.338819444444443,84.41666666666667,0.3696527777777778,205.35008333333334,,,
2026-03-30,32.7,21.2,99.0,62.0,2969.3215,7.8,11.7,22.831805555555558,41.0,21.2,24,24.830763888888885,89.27291666666667,0.25194444444444447,123.72172916666666,,,
2026-03-31,28.8,20.1,99.0,71.0,2501.858833333333,4.5,48.0,21.488055555555555,32.0,20.1,24,22.295416666666668,95.24583333333334,0.10409722222222223,104.24411805555555,,,
2026-04-01,31.6,18.2,99.0,61.0,4376.356833333333,6.7,0.0,21.17201388888889,37.0,18.2,24,23.19263888888889,89.27638888888889,0.35194444444444445,182.3482013888889,,,
2026-04-02,32.7,20.2,99.0,61.0,4370.482166666667,4.5,0.0,22.58652777777778,42.0,20.2,24,24.906319444444446,88.02916666666665,0.2332638888888889,182.1034236111111,,,
2026-04-03,33.2,21.1,99.0,63.0,4148.8225,4.5,0.0,23.259652777777777,44.0,21.1,24,25.371180555555554,88.76180555555555,0.24319444444444446,172.86760416666667,,,
2026-04-04,33.9,20.5,99.0,63.0,4344.812833333333,7.8,3.0,23.492222222222225,47.0,20.5,24,25.672708333333333,88.68402777777777,0.2715972222222222,181.03386805555556,,,
2026-04-05,29.3,22.1,99.0,74.0,1974.0208333333333,7.8,0.6,22.989305555555553,34.0,22.1,24,24.472083333333334,91.59236111111112,0.46284722222222224,82.25086805555556,,,
2026-04-06,26.7,21.4,99.0,82.0,2239.8895,4.5,72.0,22.441388888888888,26.7,21.4,24,23.149444444444445,95.71944444444445,0.15368055555555557,93.32872916666668,,,
2026-04-07,31.5,20.9,99.0,71.0,3765.284166666667,7.8,9.6,23.52986111111111,42.0,20.9,24,25.014166666666668,91.83194444444445,0.3413888888888889,156.8868402777778,,,
2026-04-08,33.3,19.8,98.0,62.0,2865.1581666666666,6.7,2.1,22.95513888888889,46.0,19.8,24,24.589166666666667,91.11458333333333,0.22375,119.38159027777778,,,
2026-04-09,30.2,15.6,99.0,48.0,4471.925833333334,7.8,0.0,18.663888888888888,33.0,15.6,24,22.28402777777778,82.04305555555555,0.3954166666666667,186.33024305555557,,,
2026-04-10,27.9,17.4,97.0,51.0,2949.6583333333333,4.5,1.2,17.749375,29.0,17.4,24,21.30736111111111,81.40486111111112,0.23298611111111112,122.90243055555555,,,
2026-04-11,26.2,18.2,99.0,76.0,1988.7243333333333,6.7,4.8,19.981458333333332,26.2,18.2,24,21.159097222222222,93.06458333333335,0.12034722222222222,82.86351388888889,,,
2026-04-12,28.4,17.7,99.0,67.0,3255.6055,7.8,0.3,20.251422475106686,32.0,17.7,24,21.84312037037037,90.99675925925926,0.20020833333333332,135.65022916666666,,,
2026-04-13,29.9,0.0,99.0,0.3,3604.655357142857,5.6,0.0,21.227608695652172,3472.8,19.3,24,22.910310019841273,90.0388454861111,0.24597222222222223,150.1939732142857,,,
2026-04-14,30.0,18.7,99.0,54.0,3872.7363333333333,6.7,1.5,20.559791666666666,35.0,18.7,24,22.976180555555555,87.63055555555555,0.3527777777777778,161.36401388888888,,,
2026-04-15,26.4,19.4,99.0,80.0,2304.22,4.5,3.9,20.76,26.4,19.4,24,21.788194444444443,93.9798611111111,0.15340277777777778,96.00916666666666,,,
2026-04-16,30.0,19.0,99.0,58.0,3289.971666666667,6.7,0.0,20.96888888888889,34.0,19.0,24,23.12659722222222,88.48333333333333,0.32187499999999997,137.0821527777778,,,
2026-04-17,31.7,20.4,99.0,67.0,3766.9558333333334,5.6,1.8,22.52048611111111,39.0,20.4,24,24.58020833333333,88.98958333333333,0.19944444444444445,156.95649305555557,,,
2026-04-18,32.3,19.9,99.0,54.0,3972.8455,4.5,0.0,21.691388888888888,40.0,19.9,24,24.030555555555555,87.91458333333333,0.18875,165.53522916666665,,,
2026-04-19,30.8,18.9,99.0,61.0,4226.0785,6.7,0.0,21.14173611111111,36.0,18.9,24,24.078541666666666,84.60833333333333,0.2775,176.08660416666666,,,
2026-04-20,30.6,17.5,99.0,55.0,3949.0376666666666,5.6,0.0,19.657708333333332,35.0,17.5,24,22.604930555555555,85.00555555555555,0.2776388888888889,164.5432361111111,,,
2026-04-21,28.2,18.0,99.0,64.0,2415.4108333333334,4.5,0.0,20.238888888888887,31.0,18.0,24,22.107569444444447,89.75833333333333,0.11131944444444446,100.64211805555556,,,
2026-04-22,30.8,16.5,99.0,54.0,3780.9015,5.6,0.0,19.53111111111111,34.0,16.5,24,22.101249999999997,86.96736111111112,0.1977777777777778,157.5375625,,,
2026-04-23,30.4,15.9,99.0,55.0,3896.1523333333334,6.7,0.0,18.69215277777778,34.0,15.9,24,21.317569444444445,86.66597222222224,0.23756944444444447,162.33968055555556,,,
2026-04-24,30.5,16.0,99.0,59.0,3753.5338333333334,6.7,0.0,19.86722222222222,34.0,16.0,24,22.145208333333333,88.09652777777778,0.2775694444444445,156.39724305555555,,,
2026-04-25,32.3,18.0,99.0,59.0,3127.3153333333335,4.5,0.0,21.330069444444444,40.0,18.0,24,23.746458333333333,87.24513888888889,0.16090277777777778,130.30480555555556,,,
2026-04-26,26.0,20.4,99.0,84.0,1252.7201666666667,7.8,33.0,21.728958333333335,26.0,20.4,24,22.533541666666665,95.13541666666667,0.1438888888888889,52.196673611111116,,,
2026-04-27,29.8,19.8,99.0,55.0,3567.3843333333334,6.7,0.6,20.881666666666664,35.0,19.8,24,22.830694444444443,89.53333333333335,0.22736111111111112,148.6410138888889,,,
2026-04-28,21.4,16.4,99.0,72.0,989.5928333333334,4.5,21.6,16.7075,21.4,16.4,24,18.450277777777778,89.69791666666667,0.05479166666666666,41.23303472222222,,,
2026-04-29,20.6,16.7,99.0,98.0,619.346,6.7,33.0,18.323194444444447,20.6,16.7,24,18.44986111111111,98.86666666666667,0.15284722222222222,25.806083333333333,,,
2026-04-30,25.5,16.9,99.0,77.0,2012.348,3.4,0.0,19.333958333333335,25.5,16.9,24,20.237152777777776,94.6125,0.06416666666666666,83.84783333333333,,,
2026-05-01,28.5,18.4,99.0,68.0,3000.222333333333,3.4,0.0,20.22,32.0,18.4,24,21.834722222222222,91.07777777777778,0.14888888888888888,125.00926388888888,,,
2026-05-02,22.0,18.9,99.0,83.0,553.324,4.5,11.7,19.782708333333332,22.0,18.9,24,20.00340277777778,98.36527777777779,0.08479166666666667,23.055166666666665,,,
2026-05-03,21.9,14.9,98.0,61.0,1646.795,5.6,0.3,16.03965277777778,21.9,14.9,24,18.27375,87.35347222222224,0.21784722222222222,68.61645833333334,,,
2026-05-04,24.4,15.7,99.0,74.0,1889.761,2.2,0.0,17.660763888888887,24.4,15.7,24,18.894930555555554,92.76527777777778,0.04430555555555556,78.74004166666667,,,
2026-05-05,30.0,15.9,99.0,65.0,3243.1155,3.4,0.3,19.778402777777778,36.0,15.9,24,21.281041666666667,91.825,0.10340277777777777,135.12981249999999,,,
2026-05-06,30.4,19.0,99.0,71.0,2777.246666666667,3.4,0.0,21.764444444444443,37.0,19.0,24,22.97520833333333,93.14861111111111,0.13125,115.71861111111112,,,
2026-05-07,30.5,20.4,99.0,70.0,2483.6348333333335,3.4,0.0,22.066597222222224,37.0,20.4,24,23.479930555555555,92.10416666666667,0.11048611111111112,103.48478472222223,,,
2026-05-08,26.1,19.6,99.0,68.0,244.09,11.2,4.5,20.08326388888889,26.1,19.6,24,20.82875,95.49513888888889,0.19493055555555552,10.170416666666666,,,
2026-05-09,20.2,12.0,99.0,93.0,340.6426666666667,5.6,53.7,14.09388888888889,20.2,12.0,24,14.436319444444443,97.70972222222223,0.23215277777777776,14.193444444444445,,,
2026-05-10,20.2,8.8,99.0,58.0,2280.5511666666666,3.4,12.3,11.630277777777776,20.2,8.8,24,12.842291666666666,92.95277777777778,0.08798611111111111,95.02296527777777,,,
2026-05-11,23.0,5.3,99.0,39.0,3241.112833333333,3.4,3.6,9.09741077676697,83.4,5.3,24,11.694319727891155,86.55208333333333,0.09854166666666665,135.04636805555555,,,
2026-05-12,24.7,5.8,99.0,50.0,2956.5958333333333,4.5,0.0,10.857847222222222,24.7,5.8,24,13.07111111111111,88.40902777777778,0.10958333333333332,123.19149305555555,,,
2026-05-13,24.8,7.9,99.0,49.0,2479.2045,2.2,0.0,12.711666666666666,24.8,7.9,24,14.440486111111111,90.55416666666667,0.04076388888888889,103.30018749999999,,,
2026-05-14,25.9,9.7,99.0,62.0,3069.9405,4.5,0.0,14.73125,25.9,9.7,24,16.517083333333336,90.26666666666667,0.13166666666666668,127.91418750000001,,,
2026-05-15,17.7,16.0,99.0,99.0,181.18349999999998,3.4,51.0,16.64236111111111,17.7,16.0,24,16.742361111111112,99.0,0.020624999999999998,7.549312499999999,,,
2026-05-16,20.7,16.2,99.0,87.0,1064.1108333333334,3.4,6.9,17.55298611111111,20.7,16.2,24,17.86520833333333,97.80972222222222,0.03673611111111111,44.33795138888889,,,
2026-05-17,22.1,18.1,99.0,87.0,962.991,3.4,5.7,18.96263888888889,22.1,18.1,24,19.369930555555555,97.30069444444445,0.036319444444444446,40.124625,,,
2026-05-18,18.8,15.1,99.0,97.0,561.1153333333333,4.5,31.2,16.999166666666667,18.8,15.1,24,17.14611111111111,98.76527777777778,0.035277777777777776,23.379805555555553,,,
2026-05-19,20.3,14.9,99.0,75.0,1361.2798333333333,2.2,0.0,15.957569444444445,20.3,14.9,24,16.749583333333334,95.08888888888889,0.022847222222222224,56.719993055555555,,,
2026-05-20,25.1,15.6,99.0,69.0,1945.1858333333332,4.5,0.0,16.974444444444444,25.1,15.6,24,18.529166666666665,90.90069444444445,0.16236111111111112,81.04940972222222,,,
2026-05-21,21.5,11.6,99.0,55.0,2491.577333333333,5.6,0.0,13.290208333333334,21.5,11.6,24,15.801111111111112,86.14097222222222,0.22173611111111113,103.81572222222222,,,
2026-05-22,22.3,11.2,99.0,58.0,2134.652,4.5,0.0,13.584305555555556,22.3,11.2,24,15.461041666666667,89.41458333333333,0.10402777777777777,88.94383333333333,,,
2026-05-23,18.4,14.3,99.0,83.0,907.7275,2.2,0.9,14.921319444444444,18.4,14.3,24,15.775555555555556,94.68263888888889,0.022430555555555554,37.821979166666665,,,
2026-05-24,18.7,14.8,99.0,93.0,651.2951666666667,2.2,8.1,16.24972222222222,18.7,14.8,24,16.53736111111111,97.9548611111111,0.010625,27.13729861111111,,,
2026-05-25,21.1,16.3,99.0,83.0,1079.6715,2.2,0.9,17.523194444444446,21.1,16.3,24,17.978680555555556,96.99305555555556,0.01923611111111111,44.9863125,,,
2026-05-26,21.3,17.0,99.0,95.0,672.9986666666666,3.4,24.9,17.926805555555553,21.3,17.0,24,18.069861111111113,98.77777777777777,0.05326388888888889,28.04161111111111,,,
2026-05-27,26.1,15.7,99.0,63.0,2665.1645,4.5,0.0,17.744791666666668,26.1,15.7,24,19.089583333333334,92.33194444444445,0.17729166666666665,111.04852083333333,,,
2026-05-28,26.2,12.8,99.0,60.0,2796.148666666667,4.5,0.0,15.596944444444443,26.2,12.8,24,17.377569444444443,90.23402777777778,0.17541666666666667,116.50619444444446,,,
2026-05-29,21.7,14.3,99.0,78.0,1283.3496666666667,3.4,0.0,16.371458333333333,21.7,14.3,24,17.543333333333333,92.99236111111111,0.052222222222222225,53.47290277777778,,,
2026-05-30,23.0,14.7,99.0,73.0,1673.2295000000001,3.4,1.8,16.676944444444445,23.0,14.7,24,17.82097222222222,93.19930555555555,0.07604166666666667,69.71789583333334,,,
2026-05-31,26.8,12.1,99.0,62.0,2885.0195,3.4,0.0,15.887083333333335,28.0,12.1,24,17.35222222222222,91.84166666666665,0.09513888888888888,120.20914583333332,,,
2026-06-01,25.6,14.1,99.0,62.0,1922.5665000000001,4.5,0.0,16.21125,25.6,14.1,24,17.92159722222222,90.19097222222223,0.15694444444444444,80.1069375,,,
2026-06-02,23.8,13.4,98.0,60.0,1947.6781666666668,5.6,0.0,15.198958333333334,23.8,13.4,24,17.507708333333333,86.91527777777777,0.08645833333333335,81.15325694444445,,,
2026-06-03,24.0,12.8,99.0,63.0,1624.0288333333333,3.4,0.0,15.790486111111111,24.0,12.8,24,17.265763888888888,91.46666666666665,0.04791666666666666,67.66786805555556,,,
2026-06-04,20.7,16.8,99.0,95.0,946.9391666666667,3.4,16.5,18.031041666666667,20.7,16.8,24,18.261041666666667,98.30555555555556,0.01611111111111111,39.45579861111111,,,
2026-06-05,22.7,14.1,99.0,78.0,1483.5116666666668,5.6,0.9,16.90798611111111,22.7,14.1,24,17.769861111111112,94.76111111111112,0.1879861111111111,61.812986111111115,,,
2026-06-06,26.4,11.7,99.0,61.0,2663.5535,5.6,0.3,15.533055555555555,26.4,11.7,24,16.866805555555555,92.52777777777777,0.10631944444444445,110.98139583333334,,,
2026-06-07,25.4,11.9,99.0,68.0,2917.71,7.8,0.0,16.121041666666667,25.4,11.9,24,17.648333333333333,91.25138888888888,0.1890277777777778,121.57125,,,
2026-06-08,24.6,15.2,99.0,72.0,1819.1775,3.4,0.0,17.619583333333335,24.6,15.2,24,18.75027777777778,93.3611111111111,0.05645833333333333,75.7990625,,,
2026-06-09,25.2,15.3,99.0,71.0,1946.665,6.7,1.8,17.818819444444443,25.2,15.3,24,18.86520833333333,93.80347222222223,0.1342361111111111,81.11104166666667,,,
2026-06-10,18.4,16.7,99.0,90.0,342.70416666666665,3.4,25.5,16.851388888888888,18.4,16.7,24,17.254097222222224,97.37916666666666,0.06513888888888889,14.279340277777777,,,
2026-06-11,22.5,16.3,99.0,79.0,1285.3261666666667,2.2,3.0,17.482083333333335,22.5,16.3,24,18.15284722222222,95.80416666666667,0.057569444444444444,53.555256944444444,,,
2026-06-12,25.2,14.9,99.0,78.0,1450.7801666666667,6.7,17.7,17.89763888888889,25.2,14.9,24,18.74638888888889,94.79375,0.22895833333333335,60.449173611111114,,,
2026-06-13,25.9,11.8,98.0,53.0,2495.8133333333335,5.6,0.0,14.93138888888889,25.9,11.8,24,17.57201388888889,85.4798611111111,0.13583333333333333,103.99222222222222,,,
2026-06-14,21.4,15.6,99.0,78.0,985.8646666666666,4.5,2.7,16.641041666666666,21.4,15.6,24,17.56833333333333,94.34513888888888,0.06743055555555556,41.07769444444444,,,
2026-06-15,15.6,13.5,99.0,89.0,623.5686666666667,2.2,3.9,14.226805555555554,15.6,13.5,24,14.61888888888889,97.35972222222222,0.02451388888888889,25.982027777777777,,,
2026-06-16,20.8,12.3,99.0,73.0,1369.4921666666667,3.4,0.3,14.102152777777777,20.8,12.3,24,15.252222222222223,93.05486111111111,0.06291666666666666,57.06217361111111,,,
2026-06-17,23.9,9.7,99.0,53.0,2423.1135,6.7,0.0,13.064097222222221,23.9,9.7,24,15.016944444444443,89.2361111111111,0.11090277777777778,100.96306249999999,,,
2026-06-18,22.5,9.1,99.0,60.0,2213.7501666666667,4.5,0.0,12.543402777777779,22.5,9.1,24,14.344722222222222,89.98333333333333,0.12555555555555556,92.23959027777778,,,
2026-06-19,21.5,11.4,99.0,71.0,1762.7828333333332,11.2,0.0,14.023125,21.5,11.4,24,15.341458333333334,92.19375000000001,0.123125,73.44928472222222,,,
2026-06-20,17.3,13.1,99.0,83.0,199.67983333333333,4.5,29.7,14.843055555555555,17.3,13.1,24,15.28826388888889,97.05069444444445,0.08548611111111111,8.319993055555555,,,
2026-06-21,22.1,12.6,99.0,74.0,1688.6946666666668,3.4,0.0,14.733888888888888,22.1,12.6,24,15.545416666666668,95.03263888888888,0.10770833333333334,70.36227777777778,,,
2026-06-22,23.3,11.8,99.0,69.0,1921.943,3.4,0.3,15.515347222222221,23.3,11.8,24,16.612777777777776,93.54930555555556,0.12340277777777779,80.08095833333333,,,
2026-06-23,16.8,10.3,99.0,70.0,886.0906666666667,6.7,0.3,12.053958333333334,16.8,10.3,24,13.948402777777778,88.65625,0.31319444444444444,36.92044444444445,,,
2026-06-24,16.0,6.0,99.0,61.0,1212.3413333333333,5.6,0.0,8.449305555555556,16.0,6.0,24,10.250763888888889,89.36736111111111,0.08583333333333333,50.51422222222222,,,
2026-06-25,19.5,4.4,99.0,50.0,1975.118,5.6,0.0,7.841527777777777,19.5,4.4,24,9.830138888888888,89.04166666666667,0.11486111111111112,82.29658333333333,,,
2026-06-26,22.0,8.7,99.0,63.0,1925.7041666666667,3.4,0.0,11.608472222222222,22.0,8.7,24,13.277708333333331,90.56388888888888,0.09229166666666666,80.2376736111111,,,
2026-06-27,23.8,9.4,99.0,66.0,2072.9623333333334,3.4,0.0,13.881388888888889,23.8,9.4,24,15.1925,92.50694444444444,0.09076388888888888,86.37343055555556,,,
2026-06-28,26.8,15.5,99.0,69.0,2370.6141666666667,13.4,12.9,17.606805555555557,28.0,15.5,24,19.000069444444446,92.12222222222222,0.275,98.77559027777778,,,
2026-06-29,17.2,13.6,99.0,99.0,270.2506666666667,3.4,11.1,15.712569444444444,17.2,13.6,24,15.812569444444444,99.0,0.08569444444444445,11.260444444444445,,,
2026-06-30,17.8,13.6,99.0,91.0,868.1255,3.4,2.7,15.22201388888889,17.8,13.6,24,15.508263888888889,97.95347222222222,0.06236111111111112,36.17189583333333,,,
