id,name,area_km2,coverage_pct,rain_total_mm,rain_peak_mm_h,temp_mean_degC,temp_min_degC,temp_max_degC,wind_mean_ms,wind_max_ms,wind_dir_deg,rh2_mean_pct,run_time_utc,window_local,source
2,Morro Do Meio,5.45,100.0,3.608,1.703,19.4,18.7,19.9,4.11,6.68,69,98.1,2026-09-27 00:00:00,2026-09-26 22:00 .. 2026-09-29 21:00,CPTEC/INPE WRF AMS 7km
9,Sao Marcos,5.74,100.0,3.488,1.64,19.4,18.8,19.9,4.18,6.84,68,98.1,2026-09-27 00:00:00,2026-09-26 22:00 .. 2026-09-29 21:00,CPTEC/INPE WRF AMS 7km
10,Nova Brasilia,7.82,100.0,3.488,1.64,19.4,18.8,19.9,4.18,6.84,68,98.1,2026-09-27 00:00:00,2026-09-26 22:00 .. 2026-09-29 21:00,CPTEC/INPE WRF AMS 7km
34,Atiradores,2.8,100.0,3.488,1.64,19.4,18.8,19.9,4.18,6.84,68,98.1,2026-09-27 00:00:00,2026-09-26 22:00 .. 2026-09-29 21:00,CPTEC/INPE WRF AMS 7km
33,Anita Garibaldi,3.07,100.0,3.299,1.451,19.4,18.8,19.9,4.21,6.88,67,98.1,2026-09-27 00:00:00,2026-09-26 22:00 .. 2026-09-29 21:00,CPTEC/INPE WRF AMS 7km
24,Floresta,5.0,100.0,3.086,1.238,19.4,18.8,19.9,4.25,6.92,66,98.1,2026-09-27 00:00:00,2026-09-26 22:00 .. 2026-09-29 21:00,CPTEC/INPE WRF AMS 7km
21,Glória,5.39,100.0,3.085,1.407,19.4,18.9,19.9,4.15,6.86,69,98.1,2026-09-27 00:00:00,2026-09-26 22:00 .. 2026-09-29 21:00,CPTEC/INPE WRF AMS 7km
43,Santa Catarina,5.37,100.0,3.056,1.071,19.3,18.8,19.9,4.27,6.86,65,98.1,2026-09-27 00:00:00,2026-09-26 22:00 .. 2026-09-29 21:00,CPTEC/INPE WRF AMS 7km
25,Itinga,7.73,100.0,3.056,0.864,19.3,18.7,19.9,4.42,6.89,62,98.1,2026-09-27 00:00:00,2026-09-26 22:00 .. 2026-09-29 21:00,CPTEC/INPE WRF AMS 7km
39,Vila Nova,14.18,100.0,3.03,1.396,19.4,18.8,19.9,4.07,6.75,70,98.1,2026-09-27 00:00:00,2026-09-26 22:00 .. 2026-09-29 21:00,CPTEC/INPE WRF AMS 7km
7,Rio Bonito,5.71,100.0,3.012,1.032,19.4,18.9,19.9,4.07,6.62,70,98.1,2026-09-27 00:00:00,2026-09-26 22:00 .. 2026-09-29 21:00,CPTEC/INPE WRF AMS 7km
8,Pirabeiraba,6.09,100.0,2.938,1.354,19.4,18.9,19.9,4.09,6.73,70,98.1,2026-09-27 00:00:00,2026-09-26 22:00 .. 2026-09-29 21:00,CPTEC/INPE WRF AMS 7km
40,Dona Francisca,1.11,100.0,2.918,0.978,19.4,18.5,19.9,3.89,6.39,73,98.2,2026-09-27 00:00:00,2026-09-26 22:00 .. 2026-09-29 21:00,CPTEC/INPE WRF AMS 7km
32,Profipo,1.61,100.0,2.899,0.849,19.3,18.8,19.8,4.4,6.91,62,98.1,2026-09-27 00:00:00,2026-09-26 22:00 .. 2026-09-29 21:00,CPTEC/INPE WRF AMS 7km
6,Zona Industrial Norte,29.98,100.0,2.791,1.145,19.4,18.8,19.9,4.12,6.86,69,98.1,2026-09-27 00:00:00,2026-09-26 22:00 .. 2026-09-29 21:00,CPTEC/INPE WRF AMS 7km
35,América,4.59,100.0,2.779,1.099,19.4,18.9,19.9,4.17,6.93,68,98.1,2026-09-27 00:00:00,2026-09-26 22:00 .. 2026-09-29 21:00,CPTEC/INPE WRF AMS 7km
27,Santo Antônio,2.2,100.0,2.728,1.2,19.4,18.9,19.9,4.14,6.89,69,98.1,2026-09-27 00:00:00,2026-09-26 22:00 .. 2026-09-29 21:00,CPTEC/INPE WRF AMS 7km
26,Costa E Silva,6.59,100.0,2.728,1.2,19.4,18.9,19.9,4.14,6.89,69,98.1,2026-09-27 00:00:00,2026-09-26 22:00 .. 2026-09-29 21:00,CPTEC/INPE WRF AMS 7km
19,Centro,1.31,100.0,2.682,0.827,19.4,18.8,19.9,4.31,7.01,65,98.1,2026-09-27 00:00:00,2026-09-26 22:00 .. 2026-09-29 21:00,CPTEC/INPE WRF AMS 7km
23,Boehmerwald,3.15,100.0,2.619,0.822,19.3,18.8,19.9,4.37,7.0,63,98.1,2026-09-27 00:00:00,2026-09-26 22:00 .. 2026-09-29 21:00,CPTEC/INPE WRF AMS 7km
1,Jardim Paraiso,3.23,100.0,2.616,1.016,19.4,18.9,19.9,4.27,7.05,67,98.1,2026-09-27 00:00:00,2026-09-26 22:00 .. 2026-09-29 21:00,CPTEC/INPE WRF AMS 7km
4,Vila Cubatão,0.36,100.0,2.616,1.016,19.4,18.9,19.9,4.27,7.05,67,98.1,2026-09-27 00:00:00,2026-09-26 22:00 .. 2026-09-29 21:00,CPTEC/INPE WRF AMS 7km
42,Parque Guarani,4.41,100.0,2.612,0.821,19.3,18.8,19.9,4.37,7.0,63,98.1,2026-09-27 00:00:00,2026-09-26 22:00 .. 2026-09-29 21:00,CPTEC/INPE WRF AMS 7km
18,Jardim Sofia,2.16,100.0,2.515,0.896,19.4,18.9,19.9,4.26,7.07,66,98.1,2026-09-27 00:00:00,2026-09-26 22:00 .. 2026-09-29 21:00,CPTEC/INPE WRF AMS 7km
38,Bom Retiro,3.92,100.0,2.492,0.939,19.4,18.9,19.9,4.28,7.09,66,98.1,2026-09-27 00:00:00,2026-09-26 22:00 .. 2026-09-29 21:00,CPTEC/INPE WRF AMS 7km
11,Ulysses Guimarães,3.23,100.0,2.472,0.808,19.4,18.8,19.9,4.36,7.05,64,98.1,2026-09-27 00:00:00,2026-09-26 22:00 .. 2026-09-29 21:00,CPTEC/INPE WRF AMS 7km
29,Petrópolis,3.07,100.0,2.472,0.808,19.4,18.8,19.9,4.36,7.05,64,98.1,2026-09-27 00:00:00,2026-09-26 22:00 .. 2026-09-29 21:00,CPTEC/INPE WRF AMS 7km
28,João Costa,3.4,100.0,2.472,0.808,19.4,18.8,19.9,4.36,7.05,64,98.1,2026-09-27 00:00:00,2026-09-26 22:00 .. 2026-09-29 21:00,CPTEC/INPE WRF AMS 7km
22,Jarivatuba,2.08,100.0,2.472,0.808,19.4,18.8,19.9,4.36,7.05,64,98.1,2026-09-27 00:00:00,2026-09-26 22:00 .. 2026-09-29 21:00,CPTEC/INPE WRF AMS 7km
30,Itaum,3.18,100.0,2.472,0.808,19.4,18.8,19.9,4.36,7.05,64,98.1,2026-09-27 00:00:00,2026-09-26 22:00 .. 2026-09-29 21:00,CPTEC/INPE WRF AMS 7km
31,Bucarein,2.05,100.0,2.472,0.808,19.4,18.8,19.9,4.36,7.05,64,98.1,2026-09-27 00:00:00,2026-09-26 22:00 .. 2026-09-29 21:00,CPTEC/INPE WRF AMS 7km
14,Guanabara,2.56,100.0,2.472,0.808,19.4,18.8,19.9,4.36,7.05,64,98.1,2026-09-27 00:00:00,2026-09-26 22:00 .. 2026-09-29 21:00,CPTEC/INPE WRF AMS 7km
13,Fátima,2.2,100.0,2.472,0.808,19.4,18.8,19.9,4.36,7.05,64,98.1,2026-09-27 00:00:00,2026-09-26 22:00 .. 2026-09-29 21:00,CPTEC/INPE WRF AMS 7km
12,Adhemar Garcia,1.96,100.0,2.472,0.808,19.4,18.8,19.9,4.36,7.05,64,98.1,2026-09-27 00:00:00,2026-09-26 22:00 .. 2026-09-29 21:00,CPTEC/INPE WRF AMS 7km
20,Boa Vista,5.39,100.0,2.467,0.87,19.4,18.8,19.9,4.34,7.07,64,98.1,2026-09-27 00:00:00,2026-09-26 22:00 .. 2026-09-29 21:00,CPTEC/INPE WRF AMS 7km
36,Saguaçu,4.81,100.0,2.462,0.971,19.4,18.8,19.9,4.31,7.1,65,98.1,2026-09-27 00:00:00,2026-09-26 22:00 .. 2026-09-29 21:00,CPTEC/INPE WRF AMS 7km
15,Zona Industrial Tupy,1.5,100.0,2.459,0.968,19.4,18.8,19.9,4.31,7.1,65,98.1,2026-09-27 00:00:00,2026-09-26 22:00 .. 2026-09-29 21:00,CPTEC/INPE WRF AMS 7km
17,Aventureiro,9.45,100.0,2.456,1.007,19.4,18.9,19.9,4.3,7.12,65,98.1,2026-09-27 00:00:00,2026-09-26 22:00 .. 2026-09-29 21:00,CPTEC/INPE WRF AMS 7km
16,Comasa,2.69,100.0,2.456,1.008,19.4,18.9,19.9,4.31,7.12,65,98.1,2026-09-27 00:00:00,2026-09-26 22:00 .. 2026-09-29 21:00,CPTEC/INPE WRF AMS 7km
37,Iririú,6.17,100.0,2.456,1.008,19.4,18.9,19.9,4.31,7.12,65,98.1,2026-09-27 00:00:00,2026-09-26 22:00 .. 2026-09-29 21:00,CPTEC/INPE WRF AMS 7km
41,Jardim Iririú,3.34,100.0,2.456,1.008,19.4,18.9,19.9,4.31,7.12,65,98.1,2026-09-27 00:00:00,2026-09-26 22:00 .. 2026-09-29 21:00,CPTEC/INPE WRF AMS 7km
5,Espinheiros,2.74,100.0,2.173,0.808,19.4,18.8,19.9,4.36,7.16,64,98.1,2026-09-27 00:00:00,2026-09-26 22:00 .. 2026-09-29 21:00,CPTEC/INPE WRF AMS 7km
3,Paranaguamirim,11.62,100.0,1.852,0.557,19.3,18.8,19.9,4.42,7.04,62,98.1,2026-09-27 00:00:00,2026-09-26 22:00 .. 2026-09-29 21:00,CPTEC/INPE WRF AMS 7km
