basin,id,valid_time_local,lead_h,precip_mm_h,accum_mm,t2m_degC,wspd_ms
Bacia Hidrográfica do Palmital,2,2026-09-26 22:00,1,0.0,0.0,19.61,3.52
Bacia Hidrográfica do Palmital,2,2026-09-26 23:00,2,0.0,0.0,19.65,4.03
Bacia Hidrográfica do Palmital,2,2026-09-27 00:00,3,0.0,0.0,19.5,5.16
Bacia Hidrográfica do Palmital,2,2026-09-27 01:00,4,0.0,0.0,19.25,5.85
Bacia Hidrográfica do Palmital,2,2026-09-27 02:00,5,0.0,0.0,19.11,6.18
Bacia Hidrográfica do Palmital,2,2026-09-27 03:00,6,0.0,0.0,18.97,5.95
Bacia Hidrográfica do Palmital,2,2026-09-27 04:00,7,0.0,0.0,18.87,5.66
Bacia Hidrográfica do Palmital,2,2026-09-27 05:00,8,0.0,0.0,18.89,5.27
Bacia Hidrográfica do Palmital,2,2026-09-27 06:00,9,0.003,0.003,18.94,4.72
Bacia Hidrográfica do Palmital,2,2026-09-27 07:00,10,0.017,0.02,18.91,4.05
Bacia Hidrográfica do Palmital,2,2026-09-27 08:00,11,0.041,0.061,18.93,4.06
Bacia Hidrográfica do Palmital,2,2026-09-27 09:00,12,0.042,0.103,18.97,3.43
Bacia Hidrográfica do Palmital,2,2026-09-27 10:00,13,0.039,0.142,19.07,2.81
Bacia Hidrográfica do Palmital,2,2026-09-27 11:00,14,0.032,0.174,19.18,2.68
Bacia Hidrográfica do Palmital,2,2026-09-27 12:00,15,0.022,0.196,19.26,2.39
Bacia Hidrográfica do Palmital,2,2026-09-27 13:00,16,0.006,0.202,19.28,2.42
Bacia Hidrográfica do Palmital,2,2026-09-27 14:00,17,0.013,0.215,19.23,2.33
Bacia Hidrográfica do Palmital,2,2026-09-27 15:00,18,0.022,0.237,19.22,2.44
Bacia Hidrográfica do Palmital,2,2026-09-27 16:00,19,0.028,0.265,19.28,2.08
Bacia Hidrográfica do Palmital,2,2026-09-27 17:00,20,0.022,0.287,19.37,3.01
Bacia Hidrográfica do Palmital,2,2026-09-27 18:00,21,0.022,0.309,19.44,3.63
Bacia Hidrográfica do Palmital,2,2026-09-27 19:00,22,0.01,0.319,19.45,3.43
Bacia Hidrográfica do Palmital,2,2026-09-27 20:00,23,0.003,0.322,19.45,2.59
Bacia Hidrográfica do Palmital,2,2026-09-27 21:00,24,0.001,0.323,19.4,2.87
Bacia Hidrográfica do Palmital,2,2026-09-27 22:00,25,0.001,0.324,19.3,2.97
Bacia Hidrográfica do Palmital,2,2026-09-27 23:00,26,0.004,0.328,19.27,2.38
Bacia Hidrográfica do Palmital,2,2026-09-28 00:00,27,0.004,0.332,19.28,2.06
Bacia Hidrográfica do Palmital,2,2026-09-28 01:00,28,0.013,0.345,19.32,0.84
Bacia Hidrográfica do Palmital,2,2026-09-28 02:00,29,0.012,0.357,19.28,1.44
Bacia Hidrográfica do Palmital,2,2026-09-28 03:00,30,0.079,0.436,19.24,1.81
Bacia Hidrográfica do Palmital,2,2026-09-28 04:00,31,0.025,0.461,19.28,1.8
Bacia Hidrográfica do Palmital,2,2026-09-28 05:00,32,0.052,0.513,19.29,2.99
Bacia Hidrográfica do Palmital,2,2026-09-28 06:00,33,0.086,0.599,19.44,4.96
Bacia Hidrográfica do Palmital,2,2026-09-28 07:00,34,0.03,0.629,19.48,5.51
Bacia Hidrográfica do Palmital,2,2026-09-28 08:00,35,0.004,0.633,19.48,5.24
Bacia Hidrográfica do Palmital,2,2026-09-28 09:00,36,0.003,0.636,19.54,5.57
Bacia Hidrográfica do Palmital,2,2026-09-28 10:00,37,0.004,0.64,19.55,4.28
Bacia Hidrográfica do Palmital,2,2026-09-28 11:00,38,0.003,0.643,19.47,3.85
Bacia Hidrográfica do Palmital,2,2026-09-28 12:00,39,0.001,0.644,19.48,4.39
Bacia Hidrográfica do Palmital,2,2026-09-28 13:00,40,0.447,1.091,19.49,4.41
Bacia Hidrográfica do Palmital,2,2026-09-28 14:00,41,1.031,2.122,19.45,5.63
Bacia Hidrográfica do Palmital,2,2026-09-28 15:00,42,0.069,2.191,19.51,5.44
Bacia Hidrográfica do Palmital,2,2026-09-28 16:00,43,0.054,2.245,19.58,4.58
Bacia Hidrográfica do Palmital,2,2026-09-28 17:00,44,0.079,2.324,19.63,5.15
Bacia Hidrográfica do Palmital,2,2026-09-28 18:00,45,0.001,2.325,19.68,5.79
Bacia Hidrográfica do Palmital,2,2026-09-28 19:00,46,0.0,2.325,19.72,6.09
Bacia Hidrográfica do Palmital,2,2026-09-28 20:00,47,0.0,2.325,19.76,6.63
Bacia Hidrográfica do Palmital,2,2026-09-28 21:00,48,0.0,2.325,19.85,5.82
Bacia Hidrográfica do Palmital,2,2026-09-28 22:00,49,0.0,2.325,19.85,4.54
Bacia Hidrográfica do Palmital,2,2026-09-28 23:00,50,0.0,2.325,19.72,1.95
Bacia Hidrográfica do Palmital,2,2026-09-29 00:00,51,0.0,2.325,19.59,2.67
Bacia Hidrográfica do Palmital,2,2026-09-29 01:00,52,0.0,2.325,19.58,4.42
Bacia Hidrográfica do Palmital,2,2026-09-29 02:00,53,0.0,2.325,19.6,4.47
Bacia Hidrográfica do Palmital,2,2026-09-29 03:00,54,0.0,2.325,19.5,5.13
Bacia Hidrográfica do Palmital,2,2026-09-29 04:00,55,0.0,2.325,19.52,5.13
Bacia Hidrográfica do Palmital,2,2026-09-29 05:00,56,0.002,2.327,19.31,5.26
Bacia Hidrográfica do Palmital,2,2026-09-29 06:00,57,0.029,2.356,19.17,5.22
Bacia Hidrográfica do Palmital,2,2026-09-29 07:00,58,0.035,2.391,19.15,4.71
Bacia Hidrográfica do Palmital,2,2026-09-29 08:00,59,0.028,2.419,19.17,3.92
Bacia Hidrográfica do Palmital,2,2026-09-29 09:00,60,0.012,2.431,19.22,4.15
Bacia Hidrográfica do Palmital,2,2026-09-29 10:00,61,0.006,2.437,19.25,4.21
Bacia Hidrográfica do Palmital,2,2026-09-29 11:00,62,0.001,2.438,19.27,4.76
Bacia Hidrográfica do Palmital,2,2026-09-29 12:00,63,0.001,2.439,19.47,5.37
Bacia Hidrográfica do Palmital,2,2026-09-29 13:00,64,0.004,2.443,19.55,5.6
Bacia Hidrográfica do Palmital,2,2026-09-29 14:00,65,0.007,2.45,19.52,5.76
Bacia Hidrográfica do Palmital,2,2026-09-29 15:00,66,0.006,2.456,19.57,4.97
Bacia Hidrográfica do Palmital,2,2026-09-29 16:00,67,0.013,2.469,19.65,4.48
Bacia Hidrográfica do Palmital,2,2026-09-29 17:00,68,0.008,2.477,19.79,5.84
Bacia Hidrográfica do Palmital,2,2026-09-29 18:00,69,0.001,2.478,19.83,2.85
Bacia Hidrográfica do Palmital,2,2026-09-29 19:00,70,0.006,2.484,19.82,2.9
Bacia Hidrográfica do Palmital,2,2026-09-29 20:00,71,0.004,2.488,19.8,3.13
Bacia Hidrográfica do Palmital,2,2026-09-29 21:00,72,0.0,2.488,19.81,3.94
Bacias independentes da vertente leste,3,2026-09-26 22:00,1,0.0,0.0,19.47,4.22
Bacias independentes da vertente leste,3,2026-09-26 23:00,2,0.0,0.0,19.5,4.4
Bacias independentes da vertente leste,3,2026-09-27 00:00,3,0.0,0.0,19.28,5.19
Bacias independentes da vertente leste,3,2026-09-27 01:00,4,0.0,0.0,19.1,5.75
Bacias independentes da vertente leste,3,2026-09-27 02:00,5,0.0,0.0,18.95,5.96
Bacias independentes da vertente leste,3,2026-09-27 03:00,6,0.0,0.0,18.81,5.79
Bacias independentes da vertente leste,3,2026-09-27 04:00,7,0.0,0.0,18.75,5.41
Bacias independentes da vertente leste,3,2026-09-27 05:00,8,0.0,0.0,18.86,4.95
Bacias independentes da vertente leste,3,2026-09-27 06:00,9,0.0,0.0,18.91,4.38
Bacias independentes da vertente leste,3,2026-09-27 07:00,10,0.003,0.003,18.94,3.74
Bacias independentes da vertente leste,3,2026-09-27 08:00,11,0.007,0.01,19.05,3.85
Bacias independentes da vertente leste,3,2026-09-27 09:00,12,0.011,0.021,19.09,3.45
Bacias independentes da vertente leste,3,2026-09-27 10:00,13,0.014,0.035,19.07,2.86
Bacias independentes da vertente leste,3,2026-09-27 11:00,14,0.017,0.052,19.07,2.59
Bacias independentes da vertente leste,3,2026-09-27 12:00,15,0.006,0.058,19.07,2.21
Bacias independentes da vertente leste,3,2026-09-27 13:00,16,0.003,0.061,19.15,2.65
Bacias independentes da vertente leste,3,2026-09-27 14:00,17,0.008,0.069,19.19,3.1
Bacias independentes da vertente leste,3,2026-09-27 15:00,18,0.015,0.084,19.28,3.44
Bacias independentes da vertente leste,3,2026-09-27 16:00,19,0.013,0.097,19.36,3.36
Bacias independentes da vertente leste,3,2026-09-27 17:00,20,0.013,0.11,19.39,3.82
Bacias independentes da vertente leste,3,2026-09-27 18:00,21,0.011,0.121,19.42,3.82
Bacias independentes da vertente leste,3,2026-09-27 19:00,22,0.002,0.123,19.38,2.77
Bacias independentes da vertente leste,3,2026-09-27 20:00,23,0.0,0.123,19.27,2.66
Bacias independentes da vertente leste,3,2026-09-27 21:00,24,0.002,0.125,19.1,3.25
Bacias independentes da vertente leste,3,2026-09-27 22:00,25,0.002,0.127,19.14,3.53
Bacias independentes da vertente leste,3,2026-09-27 23:00,26,0.01,0.137,19.2,2.31
Bacias independentes da vertente leste,3,2026-09-28 00:00,27,0.003,0.14,19.23,2.48
Bacias independentes da vertente leste,3,2026-09-28 01:00,28,0.013,0.153,19.29,1.52
Bacias independentes da vertente leste,3,2026-09-28 02:00,29,0.024,0.177,19.26,1.86
Bacias independentes da vertente leste,3,2026-09-28 03:00,30,0.039,0.216,19.22,2.27
Bacias independentes da vertente leste,3,2026-09-28 04:00,31,0.011,0.227,19.32,2.59
Bacias independentes da vertente leste,3,2026-09-28 05:00,32,0.018,0.245,19.38,4.17
Bacias independentes da vertente leste,3,2026-09-28 06:00,33,0.014,0.259,19.49,5.71
Bacias independentes da vertente leste,3,2026-09-28 07:00,34,0.009,0.268,19.57,6.56
Bacias independentes da vertente leste,3,2026-09-28 08:00,35,0.001,0.269,19.53,5.78
Bacias independentes da vertente leste,3,2026-09-28 09:00,36,0.0,0.269,19.56,5.91
Bacias independentes da vertente leste,3,2026-09-28 10:00,37,0.007,0.276,19.54,4.02
Bacias independentes da vertente leste,3,2026-09-28 11:00,38,0.014,0.29,19.43,4.12
Bacias independentes da vertente leste,3,2026-09-28 12:00,39,0.003,0.293,19.39,3.8
Bacias independentes da vertente leste,3,2026-09-28 13:00,40,0.19,0.483,19.38,4.24
Bacias independentes da vertente leste,3,2026-09-28 14:00,41,0.467,0.95,19.47,5.35
Bacias independentes da vertente leste,3,2026-09-28 15:00,42,0.185,1.135,19.62,6.33
Bacias independentes da vertente leste,3,2026-09-28 16:00,43,0.083,1.218,19.59,4.44
Bacias independentes da vertente leste,3,2026-09-28 17:00,44,0.114,1.332,19.62,4.7
Bacias independentes da vertente leste,3,2026-09-28 18:00,45,0.0,1.332,19.59,5.74
Bacias independentes da vertente leste,3,2026-09-28 19:00,46,0.0,1.332,19.55,6.01
Bacias independentes da vertente leste,3,2026-09-28 20:00,47,0.0,1.332,19.65,7.22
Bacias independentes da vertente leste,3,2026-09-28 21:00,48,0.0,1.332,19.76,6.06
Bacias independentes da vertente leste,3,2026-09-28 22:00,49,0.0,1.332,19.77,5.26
Bacias independentes da vertente leste,3,2026-09-28 23:00,50,0.0,1.332,19.59,1.64
Bacias independentes da vertente leste,3,2026-09-29 00:00,51,0.0,1.332,19.5,2.39
Bacias independentes da vertente leste,3,2026-09-29 01:00,52,0.0,1.332,19.5,4.63
Bacias independentes da vertente leste,3,2026-09-29 02:00,53,0.0,1.332,19.51,5.12
Bacias independentes da vertente leste,3,2026-09-29 03:00,54,0.0,1.332,19.53,5.86
Bacias independentes da vertente leste,3,2026-09-29 04:00,55,0.0,1.332,19.56,6.19
Bacias independentes da vertente leste,3,2026-09-29 05:00,56,0.0,1.332,19.45,6.61
Bacias independentes da vertente leste,3,2026-09-29 06:00,57,0.017,1.349,19.29,6.34
Bacias independentes da vertente leste,3,2026-09-29 07:00,58,0.024,1.373,19.2,5.65
Bacias independentes da vertente leste,3,2026-09-29 08:00,59,0.025,1.398,19.18,4.85
Bacias independentes da vertente leste,3,2026-09-29 09:00,60,0.017,1.415,19.22,4.86
Bacias independentes da vertente leste,3,2026-09-29 10:00,61,0.011,1.426,19.27,4.29
Bacias independentes da vertente leste,3,2026-09-29 11:00,62,0.008,1.434,19.33,4.69
Bacias independentes da vertente leste,3,2026-09-29 12:00,63,0.008,1.442,19.49,5.75
Bacias independentes da vertente leste,3,2026-09-29 13:00,64,0.007,1.449,19.54,5.91
Bacias independentes da vertente leste,3,2026-09-29 14:00,65,0.0,1.449,19.56,6.45
Bacias independentes da vertente leste,3,2026-09-29 15:00,66,0.006,1.455,19.69,5.31
Bacias independentes da vertente leste,3,2026-09-29 16:00,67,0.005,1.46,19.76,4.79
Bacias independentes da vertente leste,3,2026-09-29 17:00,68,0.01,1.47,19.82,5.59
Bacias independentes da vertente leste,3,2026-09-29 18:00,69,0.0,1.47,19.99,4.91
Bacias independentes da vertente leste,3,2026-09-29 19:00,70,0.0,1.47,19.93,4.01
Bacias independentes da vertente leste,3,2026-09-29 20:00,71,0.0,1.47,19.89,4.44
Bacias independentes da vertente leste,3,2026-09-29 21:00,72,0.001,1.471,19.87,4.51
Bacia Hidrográfica da vertente sul,5,2026-09-26 22:00,1,0.0,0.0,19.49,4.91
Bacia Hidrográfica da vertente sul,5,2026-09-26 23:00,2,0.0,0.0,19.48,5.39
Bacia Hidrográfica da vertente sul,5,2026-09-27 00:00,3,0.0,0.0,19.23,6.21
Bacia Hidrográfica da vertente sul,5,2026-09-27 01:00,4,0.0,0.0,19.07,6.3
Bacia Hidrográfica da vertente sul,5,2026-09-27 02:00,5,0.0,0.0,18.93,6.35
Bacia Hidrográfica da vertente sul,5,2026-09-27 03:00,6,0.0,0.0,18.81,6.28
Bacia Hidrográfica da vertente sul,5,2026-09-27 04:00,7,0.0,0.0,18.76,5.85
Bacia Hidrográfica da vertente sul,5,2026-09-27 05:00,8,0.0,0.0,18.87,5.44
Bacia Hidrográfica da vertente sul,5,2026-09-27 06:00,9,0.0,0.0,18.95,4.6
Bacia Hidrográfica da vertente sul,5,2026-09-27 07:00,10,0.005,0.005,18.95,3.87
Bacia Hidrográfica da vertente sul,5,2026-09-27 08:00,11,0.015,0.02,19.06,4.1
Bacia Hidrográfica da vertente sul,5,2026-09-27 09:00,12,0.022,0.042,19.05,3.64
Bacia Hidrográfica da vertente sul,5,2026-09-27 10:00,13,0.027,0.069,19.06,3.33
Bacia Hidrográfica da vertente sul,5,2026-09-27 11:00,14,0.031,0.1,19.06,2.99
Bacia Hidrográfica da vertente sul,5,2026-09-27 12:00,15,0.011,0.111,19.06,2.54
Bacia Hidrográfica da vertente sul,5,2026-09-27 13:00,16,0.002,0.113,19.11,2.94
Bacia Hidrográfica da vertente sul,5,2026-09-27 14:00,17,0.002,0.115,19.14,3.32
Bacia Hidrográfica da vertente sul,5,2026-09-27 15:00,18,0.01,0.125,19.18,3.45
Bacia Hidrográfica da vertente sul,5,2026-09-27 16:00,19,0.019,0.144,19.29,3.31
Bacia Hidrográfica da vertente sul,5,2026-09-27 17:00,20,0.008,0.152,19.33,3.81
Bacia Hidrográfica da vertente sul,5,2026-09-27 18:00,21,0.005,0.157,19.37,3.88
Bacia Hidrográfica da vertente sul,5,2026-09-27 19:00,22,0.004,0.161,19.36,2.92
Bacia Hidrográfica da vertente sul,5,2026-09-27 20:00,23,0.0,0.161,19.27,2.4
Bacia Hidrográfica da vertente sul,5,2026-09-27 21:00,24,0.0,0.161,19.06,3.14
Bacia Hidrográfica da vertente sul,5,2026-09-27 22:00,25,0.004,0.165,18.98,3.27
Bacia Hidrográfica da vertente sul,5,2026-09-27 23:00,26,0.011,0.176,19.0,2.33
Bacia Hidrográfica da vertente sul,5,2026-09-28 00:00,27,0.003,0.179,19.15,2.66
Bacia Hidrográfica da vertente sul,5,2026-09-28 01:00,28,0.002,0.181,19.27,1.8
Bacia Hidrográfica da vertente sul,5,2026-09-28 02:00,29,0.012,0.193,19.23,1.74
Bacia Hidrográfica da vertente sul,5,2026-09-28 03:00,30,0.035,0.228,19.18,1.93
Bacia Hidrográfica da vertente sul,5,2026-09-28 04:00,31,0.059,0.287,19.18,2.08
Bacia Hidrográfica da vertente sul,5,2026-09-28 05:00,32,0.002,0.289,19.31,3.81
Bacia Hidrográfica da vertente sul,5,2026-09-28 06:00,33,0.032,0.321,19.42,5.25
Bacia Hidrográfica da vertente sul,5,2026-09-28 07:00,34,0.023,0.344,19.52,6.54
Bacia Hidrográfica da vertente sul,5,2026-09-28 08:00,35,0.0,0.344,19.49,5.71
Bacia Hidrográfica da vertente sul,5,2026-09-28 09:00,36,0.0,0.344,19.51,5.73
Bacia Hidrográfica da vertente sul,5,2026-09-28 10:00,37,0.017,0.361,19.49,3.3
Bacia Hidrográfica da vertente sul,5,2026-09-28 11:00,38,0.041,0.402,19.37,4.23
Bacia Hidrográfica da vertente sul,5,2026-09-28 12:00,39,0.026,0.428,19.39,3.8
Bacia Hidrográfica da vertente sul,5,2026-09-28 13:00,40,0.327,0.755,19.37,4.19
Bacia Hidrográfica da vertente sul,5,2026-09-28 14:00,41,0.595,1.35,19.46,5.4
Bacia Hidrográfica da vertente sul,5,2026-09-28 15:00,42,0.079,1.429,19.6,5.66
Bacia Hidrográfica da vertente sul,5,2026-09-28 16:00,43,0.239,1.668,19.54,4.41
Bacia Hidrográfica da vertente sul,5,2026-09-28 17:00,44,0.039,1.707,19.58,4.59
Bacia Hidrográfica da vertente sul,5,2026-09-28 18:00,45,0.0,1.707,19.55,5.83
Bacia Hidrográfica da vertente sul,5,2026-09-28 19:00,46,0.0,1.707,19.59,6.21
Bacia Hidrográfica da vertente sul,5,2026-09-28 20:00,47,0.0,1.707,19.77,7.05
Bacia Hidrográfica da vertente sul,5,2026-09-28 21:00,48,0.0,1.707,19.79,5.98
Bacia Hidrográfica da vertente sul,5,2026-09-28 22:00,49,0.0,1.707,19.75,4.66
Bacia Hidrográfica da vertente sul,5,2026-09-28 23:00,50,0.0,1.707,19.53,1.25
Bacia Hidrográfica da vertente sul,5,2026-09-29 00:00,51,0.0,1.707,19.44,2.21
Bacia Hidrográfica da vertente sul,5,2026-09-29 01:00,52,0.0,1.707,19.47,4.23
Bacia Hidrográfica da vertente sul,5,2026-09-29 02:00,53,0.0,1.707,19.49,4.82
Bacia Hidrográfica da vertente sul,5,2026-09-29 03:00,54,0.0,1.707,19.47,5.22
Bacia Hidrográfica da vertente sul,5,2026-09-29 04:00,55,0.0,1.707,19.53,5.78
Bacia Hidrográfica da vertente sul,5,2026-09-29 05:00,56,0.0,1.707,19.43,6.42
Bacia Hidrográfica da vertente sul,5,2026-09-29 06:00,57,0.017,1.724,19.22,6.06
Bacia Hidrográfica da vertente sul,5,2026-09-29 07:00,58,0.039,1.763,19.16,5.43
Bacia Hidrográfica da vertente sul,5,2026-09-29 08:00,59,0.028,1.791,19.17,5.03
Bacia Hidrográfica da vertente sul,5,2026-09-29 09:00,60,0.01,1.801,19.21,4.74
Bacia Hidrográfica da vertente sul,5,2026-09-29 10:00,61,0.009,1.81,19.26,4.07
Bacia Hidrográfica da vertente sul,5,2026-09-29 11:00,62,0.004,1.814,19.29,4.33
Bacia Hidrográfica da vertente sul,5,2026-09-29 12:00,63,0.008,1.822,19.45,5.19
Bacia Hidrográfica da vertente sul,5,2026-09-29 13:00,64,0.008,1.83,19.52,5.47
Bacia Hidrográfica da vertente sul,5,2026-09-29 14:00,65,0.0,1.83,19.52,5.91
Bacia Hidrográfica da vertente sul,5,2026-09-29 15:00,66,0.008,1.838,19.63,4.96
Bacia Hidrográfica da vertente sul,5,2026-09-29 16:00,67,0.008,1.846,19.69,5.2
Bacia Hidrográfica da vertente sul,5,2026-09-29 17:00,68,0.009,1.855,19.73,5.39
Bacia Hidrográfica da vertente sul,5,2026-09-29 18:00,69,0.0,1.855,19.89,4.24
Bacia Hidrográfica da vertente sul,5,2026-09-29 19:00,70,0.0,1.855,19.89,3.83
Bacia Hidrográfica da vertente sul,5,2026-09-29 20:00,71,0.002,1.857,19.85,4.36
Bacia Hidrográfica da vertente sul,5,2026-09-29 21:00,72,0.0,1.857,19.81,4.33
Bacia Hidrográfica do Piraí,6,2026-09-26 22:00,1,0.0,0.0,19.39,4.7
Bacia Hidrográfica do Piraí,6,2026-09-26 23:00,2,0.0,0.0,19.28,5.26
Bacia Hidrográfica do Piraí,6,2026-09-27 00:00,3,0.0,0.0,19.04,6.03
Bacia Hidrográfica do Piraí,6,2026-09-27 01:00,4,0.0,0.0,18.83,5.78
Bacia Hidrográfica do Piraí,6,2026-09-27 02:00,5,0.0,0.0,18.56,5.31
Bacia Hidrográfica do Piraí,6,2026-09-27 03:00,6,0.0,0.0,18.36,5.46
Bacia Hidrográfica do Piraí,6,2026-09-27 04:00,7,0.0,0.0,18.28,5.13
Bacia Hidrográfica do Piraí,6,2026-09-27 05:00,8,0.0,0.0,18.36,4.92
Bacia Hidrográfica do Piraí,6,2026-09-27 06:00,9,0.0,0.0,18.41,4.05
Bacia Hidrográfica do Piraí,6,2026-09-27 07:00,10,0.013,0.013,18.44,3.44
Bacia Hidrográfica do Piraí,6,2026-09-27 08:00,11,0.033,0.046,18.67,3.96
Bacia Hidrográfica do Piraí,6,2026-09-27 09:00,12,0.032,0.078,18.9,3.66
Bacia Hidrográfica do Piraí,6,2026-09-27 10:00,13,0.032,0.11,19.08,3.52
Bacia Hidrográfica do Piraí,6,2026-09-27 11:00,14,0.037,0.147,19.14,3.27
Bacia Hidrográfica do Piraí,6,2026-09-27 12:00,15,0.019,0.166,19.17,3.01
Bacia Hidrográfica do Piraí,6,2026-09-27 13:00,16,0.014,0.18,19.18,3.3
Bacia Hidrográfica do Piraí,6,2026-09-27 14:00,17,0.02,0.2,19.24,3.65
Bacia Hidrográfica do Piraí,6,2026-09-27 15:00,18,0.019,0.219,19.21,3.61
Bacia Hidrográfica do Piraí,6,2026-09-27 16:00,19,0.032,0.251,19.26,3.33
Bacia Hidrográfica do Piraí,6,2026-09-27 17:00,20,0.075,0.326,19.27,3.68
Bacia Hidrográfica do Piraí,6,2026-09-27 18:00,21,0.072,0.398,19.31,3.88
Bacia Hidrográfica do Piraí,6,2026-09-27 19:00,22,0.012,0.41,19.31,3.37
Bacia Hidrográfica do Piraí,6,2026-09-27 20:00,23,0.001,0.411,19.24,2.65
Bacia Hidrográfica do Piraí,6,2026-09-27 21:00,24,0.001,0.412,19.08,2.87
Bacia Hidrográfica do Piraí,6,2026-09-27 22:00,25,0.001,0.413,18.9,2.35
Bacia Hidrográfica do Piraí,6,2026-09-27 23:00,26,0.031,0.444,18.78,2.15
Bacia Hidrográfica do Piraí,6,2026-09-28 00:00,27,0.015,0.459,18.94,2.03
Bacia Hidrográfica do Piraí,6,2026-09-28 01:00,28,0.017,0.476,19.14,2.11
Bacia Hidrográfica do Piraí,6,2026-09-28 02:00,29,0.005,0.481,19.19,1.36
Bacia Hidrográfica do Piraí,6,2026-09-28 03:00,30,0.01,0.491,19.1,1.36
Bacia Hidrográfica do Piraí,6,2026-09-28 04:00,31,0.036,0.527,19.06,1.6
Bacia Hidrográfica do Piraí,6,2026-09-28 05:00,32,0.02,0.547,19.16,3.14
Bacia Hidrográfica do Piraí,6,2026-09-28 06:00,33,0.069,0.616,19.14,4.04
Bacia Hidrográfica do Piraí,6,2026-09-28 07:00,34,0.201,0.817,19.34,5.24
Bacia Hidrográfica do Piraí,6,2026-09-28 08:00,35,0.024,0.841,19.44,5.44
Bacia Hidrográfica do Piraí,6,2026-09-28 09:00,36,0.031,0.872,19.53,5.43
Bacia Hidrográfica do Piraí,6,2026-09-28 10:00,37,0.041,0.913,19.54,3.17
Bacia Hidrográfica do Piraí,6,2026-09-28 11:00,38,0.074,0.987,19.35,3.92
Bacia Hidrográfica do Piraí,6,2026-09-28 12:00,39,0.094,1.081,19.38,3.72
Bacia Hidrográfica do Piraí,6,2026-09-28 13:00,40,0.991,2.072,19.44,4.14
Bacia Hidrográfica do Piraí,6,2026-09-28 14:00,41,0.7,2.772,19.48,4.75
Bacia Hidrográfica do Piraí,6,2026-09-28 15:00,42,0.078,2.85,19.6,4.51
Bacia Hidrográfica do Piraí,6,2026-09-28 16:00,43,0.45,3.3,19.65,4.91
Bacia Hidrográfica do Piraí,6,2026-09-28 17:00,44,0.019,3.319,19.74,4.79
Bacia Hidrográfica do Piraí,6,2026-09-28 18:00,45,0.006,3.325,19.78,5.79
Bacia Hidrográfica do Piraí,6,2026-09-28 19:00,46,0.002,3.327,19.74,5.8
Bacia Hidrográfica do Piraí,6,2026-09-28 20:00,47,0.0,3.327,19.87,6.12
Bacia Hidrográfica do Piraí,6,2026-09-28 21:00,48,0.0,3.327,19.72,5.26
Bacia Hidrográfica do Piraí,6,2026-09-28 22:00,49,0.0,3.327,19.5,3.03
Bacia Hidrográfica do Piraí,6,2026-09-28 23:00,50,0.003,3.33,19.32,1.53
Bacia Hidrográfica do Piraí,6,2026-09-29 00:00,51,0.0,3.33,19.25,1.58
Bacia Hidrográfica do Piraí,6,2026-09-29 01:00,52,0.0,3.33,19.26,2.85
Bacia Hidrográfica do Piraí,6,2026-09-29 02:00,53,0.0,3.33,19.23,3.22
Bacia Hidrográfica do Piraí,6,2026-09-29 03:00,54,0.0,3.33,19.2,3.99
Bacia Hidrográfica do Piraí,6,2026-09-29 04:00,55,0.0,3.33,19.28,4.67
Bacia Hidrográfica do Piraí,6,2026-09-29 05:00,56,0.0,3.33,19.3,5.31
Bacia Hidrográfica do Piraí,6,2026-09-29 06:00,57,0.016,3.346,19.18,5.07
Bacia Hidrográfica do Piraí,6,2026-09-29 07:00,58,0.033,3.379,19.09,4.49
Bacia Hidrográfica do Piraí,6,2026-09-29 08:00,59,0.033,3.412,19.24,4.58
Bacia Hidrográfica do Piraí,6,2026-09-29 09:00,60,0.008,3.42,19.51,4.08
Bacia Hidrográfica do Piraí,6,2026-09-29 10:00,61,0.001,3.421,19.59,3.56
Bacia Hidrográfica do Piraí,6,2026-09-29 11:00,62,0.001,3.422,19.53,4.16
Bacia Hidrográfica do Piraí,6,2026-09-29 12:00,63,0.005,3.427,19.57,4.19
Bacia Hidrográfica do Piraí,6,2026-09-29 13:00,64,0.004,3.431,19.63,4.6
Bacia Hidrográfica do Piraí,6,2026-09-29 14:00,65,0.002,3.433,19.67,4.29
Bacia Hidrográfica do Piraí,6,2026-09-29 15:00,66,0.011,3.444,19.7,4.67
Bacia Hidrográfica do Piraí,6,2026-09-29 16:00,67,0.303,3.747,19.65,6.35
Bacia Hidrográfica do Piraí,6,2026-09-29 17:00,68,0.004,3.751,19.69,4.61
Bacia Hidrográfica do Piraí,6,2026-09-29 18:00,69,0.001,3.752,19.72,2.85
Bacia Hidrográfica do Piraí,6,2026-09-29 19:00,70,0.005,3.757,19.78,2.49
Bacia Hidrográfica do Piraí,6,2026-09-29 20:00,71,0.007,3.764,19.84,3.54
Bacia Hidrográfica do Piraí,6,2026-09-29 21:00,72,0.003,3.767,19.83,4.18
Bacia Hidrográfica do Itapocuzinho,7,2026-09-26 22:00,1,0.0,0.0,17.63,2.42
Bacia Hidrográfica do Itapocuzinho,7,2026-09-26 23:00,2,0.0,0.0,17.12,2.32
Bacia Hidrográfica do Itapocuzinho,7,2026-09-27 00:00,3,0.0,0.0,16.8,2.17
Bacia Hidrográfica do Itapocuzinho,7,2026-09-27 01:00,4,0.001,0.001,16.32,2.05
Bacia Hidrográfica do Itapocuzinho,7,2026-09-27 02:00,5,0.005,0.006,15.74,1.57
Bacia Hidrográfica do Itapocuzinho,7,2026-09-27 03:00,6,0.008,0.014,15.98,1.71
Bacia Hidrográfica do Itapocuzinho,7,2026-09-27 04:00,7,0.01,0.024,16.09,1.75
Bacia Hidrográfica do Itapocuzinho,7,2026-09-27 05:00,8,0.009,0.033,16.22,2.08
Bacia Hidrográfica do Itapocuzinho,7,2026-09-27 06:00,9,0.004,0.037,16.56,2.25
Bacia Hidrográfica do Itapocuzinho,7,2026-09-27 07:00,10,0.015,0.052,17.09,2.27
Bacia Hidrográfica do Itapocuzinho,7,2026-09-27 08:00,11,0.026,0.078,17.97,2.27
Bacia Hidrográfica do Itapocuzinho,7,2026-09-27 09:00,12,0.021,0.099,18.89,2.14
Bacia Hidrográfica do Itapocuzinho,7,2026-09-27 10:00,13,0.055,0.154,19.7,1.92
Bacia Hidrográfica do Itapocuzinho,7,2026-09-27 11:00,14,0.113,0.267,20.13,2.17
Bacia Hidrográfica do Itapocuzinho,7,2026-09-27 12:00,15,0.086,0.353,20.58,2.39
Bacia Hidrográfica do Itapocuzinho,7,2026-09-27 13:00,16,0.069,0.422,21.21,3.3
Bacia Hidrográfica do Itapocuzinho,7,2026-09-27 14:00,17,0.108,0.53,20.87,3.68
Bacia Hidrográfica do Itapocuzinho,7,2026-09-27 15:00,18,0.109,0.639,20.47,3.83
Bacia Hidrográfica do Itapocuzinho,7,2026-09-27 16:00,19,0.133,0.772,20.16,3.57
Bacia Hidrográfica do Itapocuzinho,7,2026-09-27 17:00,20,0.283,1.055,19.46,3.57
Bacia Hidrográfica do Itapocuzinho,7,2026-09-27 18:00,21,0.314,1.369,19.28,3.23
Bacia Hidrográfica do Itapocuzinho,7,2026-09-27 19:00,22,0.117,1.486,19.15,3.26
Bacia Hidrográfica do Itapocuzinho,7,2026-09-27 20:00,23,0.048,1.534,19.21,3.02
Bacia Hidrográfica do Itapocuzinho,7,2026-09-27 21:00,24,0.002,1.536,19.05,2.29
Bacia Hidrográfica do Itapocuzinho,7,2026-09-27 22:00,25,0.0,1.536,18.83,1.19
Bacia Hidrográfica do Itapocuzinho,7,2026-09-27 23:00,26,0.005,1.541,18.72,1.17
Bacia Hidrográfica do Itapocuzinho,7,2026-09-28 00:00,27,0.043,1.584,18.68,1.33
Bacia Hidrográfica do Itapocuzinho,7,2026-09-28 01:00,28,0.088,1.672,18.76,1.78
Bacia Hidrográfica do Itapocuzinho,7,2026-09-28 02:00,29,0.029,1.701,18.78,0.68
Bacia Hidrográfica do Itapocuzinho,7,2026-09-28 03:00,30,0.013,1.714,18.6,0.47
Bacia Hidrográfica do Itapocuzinho,7,2026-09-28 04:00,31,0.127,1.841,18.53,0.76
Bacia Hidrográfica do Itapocuzinho,7,2026-09-28 05:00,32,0.085,1.926,18.61,1.82
Bacia Hidrográfica do Itapocuzinho,7,2026-09-28 06:00,33,0.016,1.942,18.1,2.15
Bacia Hidrográfica do Itapocuzinho,7,2026-09-28 07:00,34,0.205,2.147,18.78,2.38
Bacia Hidrográfica do Itapocuzinho,7,2026-09-28 08:00,35,0.108,2.255,19.48,3.73
Bacia Hidrográfica do Itapocuzinho,7,2026-09-28 09:00,36,0.195,2.45,20.12,5.28
Bacia Hidrográfica do Itapocuzinho,7,2026-09-28 10:00,37,0.172,2.622,20.11,4.02
Bacia Hidrográfica do Itapocuzinho,7,2026-09-28 11:00,38,0.279,2.901,19.76,3.9
Bacia Hidrográfica do Itapocuzinho,7,2026-09-28 12:00,39,0.285,3.186,19.77,3.67
Bacia Hidrográfica do Itapocuzinho,7,2026-09-28 13:00,40,0.305,3.491,19.85,4.22
Bacia Hidrográfica do Itapocuzinho,7,2026-09-28 14:00,41,0.206,3.697,20.02,4.14
Bacia Hidrográfica do Itapocuzinho,7,2026-09-28 15:00,42,0.247,3.944,20.26,3.42
Bacia Hidrográfica do Itapocuzinho,7,2026-09-28 16:00,43,1.234,5.178,20.75,4.41
Bacia Hidrográfica do Itapocuzinho,7,2026-09-28 17:00,44,0.054,5.232,20.9,4.03
Bacia Hidrográfica do Itapocuzinho,7,2026-09-28 18:00,45,0.055,5.287,20.72,3.65
Bacia Hidrográfica do Itapocuzinho,7,2026-09-28 19:00,46,0.009,5.296,19.71,3.19
Bacia Hidrográfica do Itapocuzinho,7,2026-09-28 20:00,47,0.0,5.296,19.56,3.14
Bacia Hidrográfica do Itapocuzinho,7,2026-09-28 21:00,48,0.0,5.296,18.56,2.53
Bacia Hidrográfica do Itapocuzinho,7,2026-09-28 22:00,49,0.001,5.297,17.92,1.77
Bacia Hidrográfica do Itapocuzinho,7,2026-09-28 23:00,50,0.0,5.297,18.07,1.84
Bacia Hidrográfica do Itapocuzinho,7,2026-09-29 00:00,51,0.0,5.297,17.81,0.7
Bacia Hidrográfica do Itapocuzinho,7,2026-09-29 01:00,52,0.0,5.297,17.78,1.0
Bacia Hidrográfica do Itapocuzinho,7,2026-09-29 02:00,53,0.0,5.297,17.48,0.88
Bacia Hidrográfica do Itapocuzinho,7,2026-09-29 03:00,54,0.0,5.297,17.46,2.29
Bacia Hidrográfica do Itapocuzinho,7,2026-09-29 04:00,55,0.0,5.297,17.85,1.95
Bacia Hidrográfica do Itapocuzinho,7,2026-09-29 05:00,56,0.003,5.3,18.31,2.13
Bacia Hidrográfica do Itapocuzinho,7,2026-09-29 06:00,57,0.013,5.313,18.36,2.0
Bacia Hidrográfica do Itapocuzinho,7,2026-09-29 07:00,58,0.015,5.328,18.58,1.86
Bacia Hidrográfica do Itapocuzinho,7,2026-09-29 08:00,59,0.036,5.364,19.87,2.93
Bacia Hidrográfica do Itapocuzinho,7,2026-09-29 09:00,60,0.004,5.368,21.09,3.04
Bacia Hidrográfica do Itapocuzinho,7,2026-09-29 10:00,61,0.0,5.368,22.67,2.81
Bacia Hidrográfica do Itapocuzinho,7,2026-09-29 11:00,62,0.0,5.368,23.11,3.85
Bacia Hidrográfica do Itapocuzinho,7,2026-09-29 12:00,63,0.0,5.368,22.66,3.73
Bacia Hidrográfica do Itapocuzinho,7,2026-09-29 13:00,64,0.001,5.369,22.28,4.54
Bacia Hidrográfica do Itapocuzinho,7,2026-09-29 14:00,65,0.0,5.369,22.08,3.98
Bacia Hidrográfica do Itapocuzinho,7,2026-09-29 15:00,66,0.024,5.393,21.59,4.46
Bacia Hidrográfica do Itapocuzinho,7,2026-09-29 16:00,67,0.75,6.143,20.68,5.0
Bacia Hidrográfica do Itapocuzinho,7,2026-09-29 17:00,68,0.004,6.147,20.25,3.18
Bacia Hidrográfica do Itapocuzinho,7,2026-09-29 18:00,69,0.002,6.149,20.08,1.69
Bacia Hidrográfica do Itapocuzinho,7,2026-09-29 19:00,70,0.02,6.169,20.05,1.11
Bacia Hidrográfica do Itapocuzinho,7,2026-09-29 20:00,71,0.02,6.189,20.22,1.74
Bacia Hidrográfica do Itapocuzinho,7,2026-09-29 21:00,72,0.004,6.193,20.1,2.65
Bacia Hidrográfica do Cubatão (sub-bacia),1,2026-09-26 22:00,1,0.0,0.0,19.13,3.17
Bacia Hidrográfica do Cubatão (sub-bacia),1,2026-09-26 23:00,2,0.0,0.0,19.05,3.5
Bacia Hidrográfica do Cubatão (sub-bacia),1,2026-09-27 00:00,3,0.0,0.0,18.94,4.64
Bacia Hidrográfica do Cubatão (sub-bacia),1,2026-09-27 01:00,4,0.0,0.0,18.62,5.02
Bacia Hidrográfica do Cubatão (sub-bacia),1,2026-09-27 02:00,5,0.001,0.001,18.24,4.82
Bacia Hidrográfica do Cubatão (sub-bacia),1,2026-09-27 03:00,6,0.001,0.002,18.06,4.48
Bacia Hidrográfica do Cubatão (sub-bacia),1,2026-09-27 04:00,7,0.001,0.003,17.89,4.23
Bacia Hidrográfica do Cubatão (sub-bacia),1,2026-09-27 05:00,8,0.001,0.004,17.8,4.0
Bacia Hidrográfica do Cubatão (sub-bacia),1,2026-09-27 06:00,9,0.002,0.006,17.76,3.74
Bacia Hidrográfica do Cubatão (sub-bacia),1,2026-09-27 07:00,10,0.025,0.031,18.09,3.6
Bacia Hidrográfica do Cubatão (sub-bacia),1,2026-09-27 08:00,11,0.045,0.076,18.46,3.63
Bacia Hidrográfica do Cubatão (sub-bacia),1,2026-09-27 09:00,12,0.031,0.107,18.85,2.89
Bacia Hidrográfica do Cubatão (sub-bacia),1,2026-09-27 10:00,13,0.041,0.148,19.16,2.35
Bacia Hidrográfica do Cubatão (sub-bacia),1,2026-09-27 11:00,14,0.052,0.2,19.41,2.35
Bacia Hidrográfica do Cubatão (sub-bacia),1,2026-09-27 12:00,15,0.035,0.235,19.53,2.39
Bacia Hidrográfica do Cubatão (sub-bacia),1,2026-09-27 13:00,16,0.016,0.251,19.69,2.76
Bacia Hidrográfica do Cubatão (sub-bacia),1,2026-09-27 14:00,17,0.018,0.269,19.61,2.87
Bacia Hidrográfica do Cubatão (sub-bacia),1,2026-09-27 15:00,18,0.031,0.3,19.42,2.85
Bacia Hidrográfica do Cubatão (sub-bacia),1,2026-09-27 16:00,19,0.057,0.357,19.43,2.47
Bacia Hidrográfica do Cubatão (sub-bacia),1,2026-09-27 17:00,20,0.044,0.401,19.33,2.8
Bacia Hidrográfica do Cubatão (sub-bacia),1,2026-09-27 18:00,21,0.124,0.525,19.32,3.24
Bacia Hidrográfica do Cubatão (sub-bacia),1,2026-09-27 19:00,22,0.13,0.655,19.34,3.52
Bacia Hidrográfica do Cubatão (sub-bacia),1,2026-09-27 20:00,23,0.039,0.694,19.38,3.02
Bacia Hidrográfica do Cubatão (sub-bacia),1,2026-09-27 21:00,24,0.002,0.696,19.33,3.01
Bacia Hidrográfica do Cubatão (sub-bacia),1,2026-09-27 22:00,25,0.001,0.697,19.26,2.05
Bacia Hidrográfica do Cubatão (sub-bacia),1,2026-09-27 23:00,26,0.002,0.699,19.17,1.95
Bacia Hidrográfica do Cubatão (sub-bacia),1,2026-09-28 00:00,27,0.017,0.716,19.13,2.11
Bacia Hidrográfica do Cubatão (sub-bacia),1,2026-09-28 01:00,28,0.02,0.736,19.18,1.04
Bacia Hidrográfica do Cubatão (sub-bacia),1,2026-09-28 02:00,29,0.01,0.746,19.12,1.05
Bacia Hidrográfica do Cubatão (sub-bacia),1,2026-09-28 03:00,30,0.055,0.801,19.06,1.38
Bacia Hidrográfica do Cubatão (sub-bacia),1,2026-09-28 04:00,31,0.089,0.89,19.05,1.66
Bacia Hidrográfica do Cubatão (sub-bacia),1,2026-09-28 05:00,32,0.052,0.942,19.08,2.03
Bacia Hidrográfica do Cubatão (sub-bacia),1,2026-09-28 06:00,33,0.061,1.003,18.98,3.24
Bacia Hidrográfica do Cubatão (sub-bacia),1,2026-09-28 07:00,34,0.091,1.094,19.13,4.02
Bacia Hidrográfica do Cubatão (sub-bacia),1,2026-09-28 08:00,35,0.038,1.132,19.41,4.26
Bacia Hidrográfica do Cubatão (sub-bacia),1,2026-09-28 09:00,36,0.043,1.175,19.56,4.92
Bacia Hidrográfica do Cubatão (sub-bacia),1,2026-09-28 10:00,37,0.062,1.237,19.68,4.03
Bacia Hidrográfica do Cubatão (sub-bacia),1,2026-09-28 11:00,38,0.087,1.324,19.5,3.77
Bacia Hidrográfica do Cubatão (sub-bacia),1,2026-09-28 12:00,39,0.087,1.411,19.5,4.28
Bacia Hidrográfica do Cubatão (sub-bacia),1,2026-09-28 13:00,40,0.388,1.799,19.51,4.08
Bacia Hidrográfica do Cubatão (sub-bacia),1,2026-09-28 14:00,41,0.315,2.114,19.5,4.52
Bacia Hidrográfica do Cubatão (sub-bacia),1,2026-09-28 15:00,42,0.065,2.179,19.57,4.15
Bacia Hidrográfica do Cubatão (sub-bacia),1,2026-09-28 16:00,43,0.335,2.514,19.73,3.89
Bacia Hidrográfica do Cubatão (sub-bacia),1,2026-09-28 17:00,44,0.087,2.601,19.89,4.57
Bacia Hidrográfica do Cubatão (sub-bacia),1,2026-09-28 18:00,45,0.015,2.616,20.04,5.05
Bacia Hidrográfica do Cubatão (sub-bacia),1,2026-09-28 19:00,46,0.0,2.616,19.83,5.24
Bacia Hidrográfica do Cubatão (sub-bacia),1,2026-09-28 20:00,47,0.0,2.616,19.76,5.16
Bacia Hidrográfica do Cubatão (sub-bacia),1,2026-09-28 21:00,48,0.0,2.616,19.51,4.3
Bacia Hidrográfica do Cubatão (sub-bacia),1,2026-09-28 22:00,49,0.0,2.616,19.38,3.26
Bacia Hidrográfica do Cubatão (sub-bacia),1,2026-09-28 23:00,50,0.0,2.616,19.17,0.69
Bacia Hidrográfica do Cubatão (sub-bacia),1,2026-09-29 00:00,51,0.0,2.616,19.03,2.02
Bacia Hidrográfica do Cubatão (sub-bacia),1,2026-09-29 01:00,52,0.0,2.616,19.07,2.38
Bacia Hidrográfica do Cubatão (sub-bacia),1,2026-09-29 02:00,53,0.0,2.616,19.02,2.19
Bacia Hidrográfica do Cubatão (sub-bacia),1,2026-09-29 03:00,54,0.0,2.616,18.91,3.06
Bacia Hidrográfica do Cubatão (sub-bacia),1,2026-09-29 04:00,55,0.0,2.616,18.97,3.35
Bacia Hidrográfica do Cubatão (sub-bacia),1,2026-09-29 05:00,56,0.001,2.617,18.98,3.46
Bacia Hidrográfica do Cubatão (sub-bacia),1,2026-09-29 06:00,57,0.02,2.637,18.9,3.42
Bacia Hidrográfica do Cubatão (sub-bacia),1,2026-09-29 07:00,58,0.025,2.662,18.94,3.36
Bacia Hidrográfica do Cubatão (sub-bacia),1,2026-09-29 08:00,59,0.03,2.692,19.35,2.75
Bacia Hidrográfica do Cubatão (sub-bacia),1,2026-09-29 09:00,60,0.007,2.699,19.63,2.95
Bacia Hidrográfica do Cubatão (sub-bacia),1,2026-09-29 10:00,61,0.001,2.7,20.03,3.1
Bacia Hidrográfica do Cubatão (sub-bacia),1,2026-09-29 11:00,62,0.001,2.701,19.98,4.16
Bacia Hidrográfica do Cubatão (sub-bacia),1,2026-09-29 12:00,63,0.002,2.703,19.99,4.27
Bacia Hidrográfica do Cubatão (sub-bacia),1,2026-09-29 13:00,64,0.003,2.706,19.99,4.62
Bacia Hidrográfica do Cubatão (sub-bacia),1,2026-09-29 14:00,65,0.005,2.711,19.88,4.67
Bacia Hidrográfica do Cubatão (sub-bacia),1,2026-09-29 15:00,66,0.006,2.717,19.93,4.87
Bacia Hidrográfica do Cubatão (sub-bacia),1,2026-09-29 16:00,67,0.019,2.736,19.83,4.5
Bacia Hidrográfica do Cubatão (sub-bacia),1,2026-09-29 17:00,68,0.01,2.746,19.82,5.1
Bacia Hidrográfica do Cubatão (sub-bacia),1,2026-09-29 18:00,69,0.005,2.751,19.8,1.79
Bacia Hidrográfica do Cubatão (sub-bacia),1,2026-09-29 19:00,70,0.008,2.759,19.8,1.9
Bacia Hidrográfica do Cubatão (sub-bacia),1,2026-09-29 20:00,71,0.009,2.768,19.8,2.04
Bacia Hidrográfica do Cubatão (sub-bacia),1,2026-09-29 21:00,72,0.002,2.77,19.8,3.36
Bacia Hidrográfica do Rio Cachoeira,4,2026-09-26 22:00,1,0.0,0.0,19.59,4.86
Bacia Hidrográfica do Rio Cachoeira,4,2026-09-26 23:00,2,0.0,0.0,19.55,5.54
Bacia Hidrográfica do Rio Cachoeira,4,2026-09-27 00:00,3,0.0,0.0,19.29,6.56
Bacia Hidrográfica do Rio Cachoeira,4,2026-09-27 01:00,4,0.0,0.0,19.11,6.48
Bacia Hidrográfica do Rio Cachoeira,4,2026-09-27 02:00,5,0.0,0.0,19.01,6.35
Bacia Hidrográfica do Rio Cachoeira,4,2026-09-27 03:00,6,0.0,0.0,18.9,6.41
Bacia Hidrográfica do Rio Cachoeira,4,2026-09-27 04:00,7,0.0,0.0,18.83,6.08
Bacia Hidrográfica do Rio Cachoeira,4,2026-09-27 05:00,8,0.0,0.0,18.93,5.68
Bacia Hidrográfica do Rio Cachoeira,4,2026-09-27 06:00,9,0.0,0.0,19.01,4.72
Bacia Hidrográfica do Rio Cachoeira,4,2026-09-27 07:00,10,0.013,0.013,18.95,3.92
Bacia Hidrográfica do Rio Cachoeira,4,2026-09-27 08:00,11,0.029,0.042,19.02,4.14
Bacia Hidrográfica do Rio Cachoeira,4,2026-09-27 09:00,12,0.039,0.081,19.05,3.71
Bacia Hidrográfica do Rio Cachoeira,4,2026-09-27 10:00,13,0.038,0.119,19.1,3.44
Bacia Hidrográfica do Rio Cachoeira,4,2026-09-27 11:00,14,0.042,0.161,19.16,3.18
Bacia Hidrográfica do Rio Cachoeira,4,2026-09-27 12:00,15,0.018,0.179,19.18,2.74
Bacia Hidrográfica do Rio Cachoeira,4,2026-09-27 13:00,16,0.007,0.186,19.18,3.08
Bacia Hidrográfica do Rio Cachoeira,4,2026-09-27 14:00,17,0.003,0.189,19.18,3.34
Bacia Hidrográfica do Rio Cachoeira,4,2026-09-27 15:00,18,0.01,0.199,19.18,3.4
Bacia Hidrográfica do Rio Cachoeira,4,2026-09-27 16:00,19,0.024,0.223,19.27,3.26
Bacia Hidrográfica do Rio Cachoeira,4,2026-09-27 17:00,20,0.022,0.245,19.35,3.9
Bacia Hidrográfica do Rio Cachoeira,4,2026-09-27 18:00,21,0.011,0.256,19.38,4.04
Bacia Hidrográfica do Rio Cachoeira,4,2026-09-27 19:00,22,0.003,0.259,19.39,3.34
Bacia Hidrográfica do Rio Cachoeira,4,2026-09-27 20:00,23,0.001,0.26,19.36,2.25
Bacia Hidrográfica do Rio Cachoeira,4,2026-09-27 21:00,24,0.0,0.26,19.17,3.23
Bacia Hidrográfica do Rio Cachoeira,4,2026-09-27 22:00,25,0.002,0.262,19.02,2.86
Bacia Hidrográfica do Rio Cachoeira,4,2026-09-27 23:00,26,0.018,0.28,18.97,2.34
Bacia Hidrográfica do Rio Cachoeira,4,2026-09-28 00:00,27,0.009,0.289,19.1,2.48
Bacia Hidrográfica do Rio Cachoeira,4,2026-09-28 01:00,28,0.002,0.291,19.28,1.67
Bacia Hidrográfica do Rio Cachoeira,4,2026-09-28 02:00,29,0.004,0.295,19.27,1.49
Bacia Hidrográfica do Rio Cachoeira,4,2026-09-28 03:00,30,0.026,0.321,19.2,1.76
Bacia Hidrográfica do Rio Cachoeira,4,2026-09-28 04:00,31,0.048,0.369,19.21,1.91
Bacia Hidrográfica do Rio Cachoeira,4,2026-09-28 05:00,32,0.003,0.372,19.31,3.34
Bacia Hidrográfica do Rio Cachoeira,4,2026-09-28 06:00,33,0.078,0.45,19.39,4.69
Bacia Hidrográfica do Rio Cachoeira,4,2026-09-28 07:00,34,0.076,0.526,19.52,6.32
Bacia Hidrográfica do Rio Cachoeira,4,2026-09-28 08:00,35,0.0,0.526,19.47,5.42
Bacia Hidrográfica do Rio Cachoeira,4,2026-09-28 09:00,36,0.0,0.526,19.5,5.53
Bacia Hidrográfica do Rio Cachoeira,4,2026-09-28 10:00,37,0.02,0.546,19.53,3.2
Bacia Hidrográfica do Rio Cachoeira,4,2026-09-28 11:00,38,0.034,0.58,19.4,3.96
Bacia Hidrográfica do Rio Cachoeira,4,2026-09-28 12:00,39,0.027,0.607,19.44,3.82
Bacia Hidrográfica do Rio Cachoeira,4,2026-09-28 13:00,40,0.947,1.554,19.44,4.24
Bacia Hidrográfica do Rio Cachoeira,4,2026-09-28 14:00,41,0.723,2.277,19.46,4.95
Bacia Hidrográfica do Rio Cachoeira,4,2026-09-28 15:00,42,0.044,2.321,19.6,5.31
Bacia Hidrográfica do Rio Cachoeira,4,2026-09-28 16:00,43,0.278,2.599,19.56,4.64
Bacia Hidrográfica do Rio Cachoeira,4,2026-09-28 17:00,44,0.029,2.628,19.61,4.67
Bacia Hidrográfica do Rio Cachoeira,4,2026-09-28 18:00,45,0.0,2.628,19.6,5.98
Bacia Hidrográfica do Rio Cachoeira,4,2026-09-28 19:00,46,0.0,2.628,19.71,6.17
Bacia Hidrográfica do Rio Cachoeira,4,2026-09-28 20:00,47,0.0,2.628,19.87,6.96
Bacia Hidrográfica do Rio Cachoeira,4,2026-09-28 21:00,48,0.0,2.628,19.84,5.78
Bacia Hidrográfica do Rio Cachoeira,4,2026-09-28 22:00,49,0.0,2.628,19.77,4.1
Bacia Hidrográfica do Rio Cachoeira,4,2026-09-28 23:00,50,0.0,2.628,19.55,1.39
Bacia Hidrográfica do Rio Cachoeira,4,2026-09-29 00:00,51,0.0,2.628,19.47,1.87
Bacia Hidrográfica do Rio Cachoeira,4,2026-09-29 01:00,52,0.0,2.628,19.49,3.75
Bacia Hidrográfica do Rio Cachoeira,4,2026-09-29 02:00,53,0.0,2.628,19.52,4.25
Bacia Hidrográfica do Rio Cachoeira,4,2026-09-29 03:00,54,0.0,2.628,19.47,4.64
Bacia Hidrográfica do Rio Cachoeira,4,2026-09-29 04:00,55,0.0,2.628,19.53,5.15
Bacia Hidrográfica do Rio Cachoeira,4,2026-09-29 05:00,56,0.0,2.628,19.43,5.94
Bacia Hidrográfica do Rio Cachoeira,4,2026-09-29 06:00,57,0.019,2.647,19.24,5.63
Bacia Hidrográfica do Rio Cachoeira,4,2026-09-29 07:00,58,0.036,2.683,19.17,5.1
Bacia Hidrográfica do Rio Cachoeira,4,2026-09-29 08:00,59,0.028,2.711,19.17,4.62
Bacia Hidrográfica do Rio Cachoeira,4,2026-09-29 09:00,60,0.009,2.72,19.21,4.24
Bacia Hidrográfica do Rio Cachoeira,4,2026-09-29 10:00,61,0.006,2.726,19.27,3.85
Bacia Hidrográfica do Rio Cachoeira,4,2026-09-29 11:00,62,0.002,2.728,19.29,4.24
Bacia Hidrográfica do Rio Cachoeira,4,2026-09-29 12:00,63,0.006,2.734,19.42,4.71
Bacia Hidrográfica do Rio Cachoeira,4,2026-09-29 13:00,64,0.008,2.742,19.51,5.17
Bacia Hidrográfica do Rio Cachoeira,4,2026-09-29 14:00,65,0.002,2.744,19.51,5.23
Bacia Hidrográfica do Rio Cachoeira,4,2026-09-29 15:00,66,0.008,2.752,19.58,4.73
Bacia Hidrográfica do Rio Cachoeira,4,2026-09-29 16:00,67,0.012,2.764,19.65,5.71
Bacia Hidrográfica do Rio Cachoeira,4,2026-09-29 17:00,68,0.009,2.773,19.71,5.06
Bacia Hidrográfica do Rio Cachoeira,4,2026-09-29 18:00,69,0.0,2.773,19.81,3.27
Bacia Hidrográfica do Rio Cachoeira,4,2026-09-29 19:00,70,0.002,2.775,19.84,3.04
Bacia Hidrográfica do Rio Cachoeira,4,2026-09-29 20:00,71,0.006,2.781,19.84,3.9
Bacia Hidrográfica do Rio Cachoeira,4,2026-09-29 21:00,72,0.0,2.781,19.81,4.2
